metric_id,label,domain,page,description,formula,aggregation,allowed_aggregations,unit,status,official_for_chatbot,realtime_live_query,execution_kind,executor,executor_compute_file,summary_field,registry_payload_path,registry_sample_size_path,registry_definition,registry_count_from_clients,supported_filters,sources_schema_table_column,sources_tables,sources_columns,aliases,limitations,page_hint,questions,legacy_ids_pointing_here,in_catalog,in_registry,notes_technical
average_days_to_cancellation,Tempo médio até o cancelamento,cancellations,Cancelamento,Média de dias entre contratação e data analítica de cancelamento (churn_efetivado_at ?? distrato_assinado_at ?? clients.data_churn | distrato Assinado).,avg(cancelamento - contratacao),,,days,,no,no,,,,,,,,no,,public.clients.data_inicio_ciclo|public.cancellations.churn_efetivado_at|public.cancellations.distrato_assinado_at,clients|cancellations|cancellations,data_inicio_ciclo|churn_efetivado_at|distrato_assinado_at,tempo medio ate o cancelamento|tempo médio até o cancelamento|media de dias ate cancelamento|média de dias até cancelamento,Presente na V1 e ausente do CSV Dash Kids; não promovida na V2.,,,,yes,no,portal-metric-catalog.mjs#average_days_to_cancellation
cancellation_distrato_signed_without_date,Distrato textual assinado sem data,cancellations,Cancelamento,Registros com distrato textual 'Assinado' e distrato_assinado_at vazio. Contam como cancelamento efetivado sem data confirmada (fora do gráfico mensal).,distrato='Assinado' e distrato_assinado_at null,,,records,,no,no,,,,,,,,no,,public.cancellations.distrato|public.cancellations.distrato_assinado_at,cancellations|cancellations,distrato|distrato_assinado_at,quantos distratos aparecem como assinados sem data|distrato assinado sem data|distrato textual sem data,Presente na V1 e ausente do CSV Dash Kids; não promovida na V2.,,,,yes,no,portal-metric-catalog.mjs#cancellation_distrato_signed_without_date
cancellation_intention_to_effective_rate,Conversão intenção → efetivado,cancellations,Cancelamento,Efetivados que tiveram intenção / intenções.,efetivados_com_intencao / intentionsRegistered,,,percent,,no,no,,,,,,,,no,,public.cancellations.intencao_registrada_at|public.cancellations.churn_efetivado_at|public.cancellations.distrato_assinado_at,cancellations|cancellations|cancellations,intencao_registrada_at|churn_efetivado_at|distrato_assinado_at,qual a conversao de intencao para cancelamento|conversão intenção para cancelamento|taxa intenção efetivado,Presente na V1 e ausente do CSV Dash Kids; não promovida na V2.,,,,yes,no,portal-metric-catalog.mjs#cancellation_intention_to_effective_rate
cancellation_intention_to_order_rate,Conversão intenção → pedido,cancellations,Cancelamento,"Pedidos / intenções (clientes distintos, não arquivados).",ordersRegistered / intentionsRegistered,,,percent,,no,no,,,,,,,,no,,public.cancellations.intencao_registrada_at|public.cancellations.data_pedido,cancellations|cancellations,intencao_registrada_at|data_pedido,qual a conversao de intencao para pedido|conversão intenção para pedido|taxa intenção pedido,Presente na V1 e ausente do CSV Dash Kids; não promovida na V2.,,,,yes,no,portal-metric-catalog.mjs#cancellation_intention_to_order_rate
cancellation_intentions,Intenções de cancelamento,cancellations,Cancelamento,Clientes distintos com intencao_registrada_at preenchido (não arquivados). Não retira da carteira ativa.,count(distinct client_id) com intencao_registrada_at,,,clients,,no,no,,,,,,,,no,,public.cancellations.intencao_registrada_at,cancellations,intencao_registrada_at,quantos clientes registraram intenção de cancelamento|intenções de cancelamento|intencoes de cancelamento|intenções registradas|sinalizações de cancelamento,Presente na V1 e ausente do CSV Dash Kids; não promovida na V2.,,,,yes,no,portal-metric-catalog.mjs#cancellation_intentions
cancellation_orders,Pedidos de cancelamento,cancellations,Cancelamento,Clientes distintos com data_pedido preenchido (não arquivados). Não retira da carteira ativa.,count(distinct client_id) com data_pedido,,,clients,,no,no,,,,,,,,no,,public.cancellations.data_pedido,cancellations,data_pedido,quantos formalizaram pedido de cancelamento|pedidos de cancelamento|pedidos registrados|quantos pedidos de cancelamento,Presente na V1 e ausente do CSV Dash Kids; não promovida na V2.,,,,yes,no,portal-metric-catalog.mjs#cancellation_orders
cancellation_passed_retention,Passaram por retenção,cancellations,Cancelamento,Clientes com passou_retencao=true (etapa do processo; não implica retido).,count distinct com passou_retencao,,,clients,,no,no,,,,,,,,no,,public.cancellations.passou_retencao,cancellations,passou_retencao,quantos passaram por retencao|quantos passaram por retenção|passou por retenção|casos em retenção,Presente na V1 e ausente do CSV Dash Kids; não promovida na V2.,,,,yes,no,portal-metric-catalog.mjs#cancellation_passed_retention
cancellation_process_by_status,Clientes por etapa do processo de cancelamento,cancellations,Cancelamento,Distribuição de clientes em processo por cancellation_statuses.name. Processo/intenção/pedido não é cancelamento efetivado.,Distribuição de clientes em processo por cancellation_statuses.name. Processo/intenção/pedido não é cancelamento efetivado.,,,clients,,no,no,,,,,,,,no,,,,,quantos estao em cada etapa do processo|distribuicao por status do processo de cancelamento|etapas do processo de cancelamento,Presente na V1 e ausente do CSV Dash Kids; não promovida na V2.,,,,yes,no,portal-metric-catalog.mjs#cancellation_process_by_status
cancellations_by_financial,Cancelamentos por questões financeiras,cancellations,Cancelamento,Cancelamentos classificados como Questões financeiras.,Cancelamentos classificados como Questões financeiras.,,,clients,,no,no,,,,,,,,no,,public.cancellations.motivo,cancellations,motivo,quantos cancelaram por questoes financeiras|quantos cancelaram por questões financeiras|cancelamentos por questoes financeiras|cancelamentos por questões financeiras|cancelamentos financeiros,Presente na V1 e ausente do CSV Dash Kids; não promovida na V2.,,,,yes,no,portal-metric-catalog.mjs#cancellations_by_financial
cancellations_by_inactivity,Cancelamentos por inatividade,cancellations,Cancelamento,Cancelamentos classificados como Inatividade e falta de engajamento.,Cancelamentos classificados como Inatividade e falta de engajamento.,,,clients,,no,no,,,,,,,,no,,public.cancellations.motivo,cancellations,motivo,quantos cancelamentos foram por inatividade|cancelamentos por inatividade|cancelamentos por falta de engajamento|inatividade e falta de engajamento,Presente na V1 e ausente do CSV Dash Kids; não promovida na V2.,,,,yes,no,portal-metric-catalog.mjs#cancellations_by_inactivity
cancellations_by_non_renewal,Cancelamentos por não renovação,cancellations,Cancelamento,Cancelamentos classificados como Não renovação.,Cancelamentos classificados como Não renovação.,,,clients,,no,no,,,,,,,,no,,public.cancellations.motivo,cancellations,motivo,cancelamentos por nao renovacao|cancelamentos por não renovação|quantos cancelamentos por nao renovacao|quantos cancelamentos por não renovação,Presente na V1 e ausente do CSV Dash Kids; não promovida na V2.,,,,yes,no,portal-metric-catalog.mjs#cancellations_by_non_renewal
cancellations_with_reason,Cancelamentos com motivo informado,cancellations,Cancelamento,Clientes cancelados com cancellations.motivo (ou fallback motivo_churn) preenchido.,motivo preenchido,,,clients,,no,no,,,,,,,,no,,public.cancellations.motivo,cancellations,motivo,cancelamentos com motivo|quantos cancelamentos tem motivo|quantos cancelamentos têm motivo|motivo informado,Presente na V1 e ausente do CSV Dash Kids; não promovida na V2.,,,,yes,no,portal-metric-catalog.mjs#cancellations_with_reason
cancellations_without_reason,Cancelamentos sem motivo,cancellations,Cancelamento,Cancelamentos efetivados sem motivo preenchido.,efetivado sem motivo,,,clients,,no,no,,,,,,,,no,,public.cancellations.motivo,cancellations,motivo,cancelamentos sem motivo|quantos cancelamentos sem motivo|motivo ausente,Presente na V1 e ausente do CSV Dash Kids; não promovida na V2.,,,,yes,no,portal-metric-catalog.mjs#cancellations_without_reason
clients_in_cancellation_process,Clientes em processo de cancelamento,cancellations,Cancelamento,"Clientes distintos com data_pedido ou intencao_registrada_at, não arquivados e sem churn/distrato efetivado.",count(distinct client_id) com (data_pedido OU intencao_registrada_at) E sem churn_efetivado_at E sem distrato_assinado_at E archived_at null,,,clients,,no,no,,,,,,,,no,,public.cancellations.data_pedido|public.cancellations.intencao_registrada_at|public.cancellations.churn_efetivado_at|public.cancellations.distrato_assinado_at,cancellations|cancellations|cancellations|cancellations,data_pedido|intencao_registrada_at|churn_efetivado_at|distrato_assinado_at,clientes em processo de cancelamento|quantos clientes estao em processo de cancelamento|em processo de cancelamento|intencao ou pedido sem efetivacao|quantos tem intencao ou pedido mas ainda nao foram cancelados,Presente na V1 e ausente do CSV Dash Kids; não promovida na V2.,,,,yes,no,portal-metric-catalog.mjs#clients_in_cancellation_process
median_days_since_financial_update_before_cancellation,Dias desde a última atualização financeira antes do cancelamento,cancellations,Cancelamento,Mediana de dias entre a última atualização financeira (≤ cancelamento) e a data de cancelamento.,median(cancelamento - updated_at financeiro válido: updated_at > created_at),,,days,,no,no,,,,,,,,no,,public.client_financial_data.updated_at|public.client_financial_data.created_at,client_financial_data|client_financial_data,updated_at|created_at,quanto tempo ficaram sem atualizacao financeira antes de cancelar|quanto tempo ficaram sem atualização financeira antes de cancelar|dias sem atualizacao financeira antes do cancelamento|dias sem atualização financeira antes do cancelamento,Presente na V1 e ausente do CSV Dash Kids; não promovida na V2.,,,,yes,no,portal-metric-catalog.mjs#median_days_since_financial_update_before_cancellation
median_days_to_cancellation,Tempo típico até o cancelamento,cancellations,Cancelamento,Mediana de dias entre contratação (data_inicio_ciclo|created_at) e data consolidada de cancelamento.,median(cancelamento - contratacao),,,days,,no,no,,,,,,,,no,,public.clients.data_inicio_ciclo|public.cancellations.churn_efetivado_at|public.cancellations.distrato_assinado_at,clients|cancellations|cancellations,data_inicio_ciclo|churn_efetivado_at|distrato_assinado_at,quanto tempo tipico os clientes ficam antes de cancelar|quanto tempo típico os clientes ficam antes de cancelar|tempo tipico ate o cancelamento|tempo típico até o cancelamento|permanencia ate cancelamento|permanência até cancelamento|mediana dias ate cancelamento,Presente na V1 e ausente do CSV Dash Kids; não promovida na V2.,,,,yes,no,portal-metric-catalog.mjs#median_days_to_cancellation
median_days_without_interaction_before_cancellation,Dias desde a última reunião antes do cancelamento,cancellations,Cancelamento,Interação v1: mediana de dias desde a última reunião com presença confirmada até o cancelamento.,median(cancelamento - ultima reuniao compareceu),,,days,,no,no,,,,,,,,no,,public.client_meetings.start_time|public.meeting_attendance.status,client_meetings|meeting_attendance,start_time|status,dias sem interacao antes do cancelamento|dias sem interação antes do cancelamento|dias desde a ultima reuniao antes do cancelamento|dias desde a última reunião antes do cancelamento|quanto tempo sem reuniao antes de cancelar,Presente na V1 e ausente do CSV Dash Kids; não promovida na V2.,,,,yes,no,portal-metric-catalog.mjs#median_days_without_interaction_before_cancellation
median_meetings_before_cancellation,Reuniões típicas antes do cancelamento,cancellations,Cancelamento,Mediana da quantidade de reuniões com presença confirmada (compareceu) com data ≤ cancelamento.,median(count reunioes compareceu <= cancelamento),,,meetings,,no,no,,,,,,,,no,,public.client_meetings.start_time|public.meeting_attendance.status,client_meetings|meeting_attendance,start_time|status,quantas reunioes os clientes tiveram antes de cancelar|quantas reuniões os clientes tiveram antes de cancelar|reunioes antes do cancelamento|reuniões antes do cancelamento|mediana de reunioes antes do cancelamento,Presente na V1 e ausente do CSV Dash Kids; não promovida na V2.,,,,yes,no,portal-metric-catalog.mjs#median_meetings_before_cancellation
median_order_to_effective_days,Mediana entre pedido e cancelamento efetivado,cancellations,Cancelamento,"Mediana de dias entre data_pedido e data analítica (churn/distrato), pares válidos.",median(efetivado - pedido),,,days,,no,no,,,,,,,,no,,public.cancellations.data_pedido|public.cancellations.churn_efetivado_at|public.cancellations.distrato_assinado_at,cancellations|cancellations|cancellations,data_pedido|churn_efetivado_at|distrato_assinado_at,qual a mediana entre pedido e cancelamento efetivado|mediana pedido efetivado|tempo entre pedido e churn,Presente na V1 e ausente do CSV Dash Kids; não promovida na V2.,,,,yes,no,portal-metric-catalog.mjs#median_order_to_effective_days
top_cancellation_reason,Motivo original mais comum de cancelamento,cancellations,Cancelamento,Texto original de motivo com maior quantidade entre cancelamentos com motivo informado.,argmax(count by cancellations.motivo),,,label,,no,no,,,,,,,,no,,public.cancellations.motivo,cancellations,motivo,qual o motivo mais comum de cancelamento|motivo mais comum|motivo mais frequente de cancelamento|principal motivo de cancelamento,Presente na V1 e ausente do CSV Dash Kids; não promovida na V2.,,,,yes,no,portal-metric-catalog.mjs#top_cancellation_reason
top_cancellation_reason_category,Principal categoria de cancelamento,cancellations,Cancelamento,Categoria analítica com maior volume (mesmo gráfico Cancelamentos por motivo).,argmax(count by reasonCategory),,,label,,no,no,,,,,,,,no,,public.cancellations.motivo,cancellations,motivo,qual a principal categoria de cancelamento|categoria mais comum de cancelamento|principal categoria de motivo|categoria mais frequente de cancelamento,Presente na V1 e ausente do CSV Dash Kids; não promovida na V2.,,,,yes,no,portal-metric-catalog.mjs#top_cancellation_reason_category
total_cancellations,Cancelamentos efetivados,cancellations,Cancelamento,Clientes com cancelamento efetivado (churn_efetivado_at ou distrato_assinado_at ou distrato Assinado ou clients.data_churn em registro não arquivado). Intenção e pedido não contam.,count(distinct client_id) com churn_efetivado_at ou distrato_assinado_at ou distrato Assinado ou clients.data_churn ou distrato Assinado ou clients.data_churn,,,clients,,no,no,,,,,,,,no,,public.cancellations.client_id|public.cancellations.churn_efetivado_at|public.cancellations.distrato_assinado_at,cancellations|cancellations|cancellations,client_id|churn_efetivado_at|distrato_assinado_at,quantos clientes cancelaram|quantos cancelamentos|total de cancelamentos|quantidade de cancelamentos|cancelamentos efetivados|quantos foram efetivamente cancelados|efetivamente cancelados|onde vejo churn|onde encontro churn|em qual tela vejo churn|tela de churn,Presente na V1 e ausente do CSV Dash Kids; não promovida na V2.,,,,yes,no,portal-metric-catalog.mjs#total_cancellations
typical_days_in_cancellation_process,Tempo típico em processo de cancelamento,cancellations,Cancelamento,"O payload de cancelamentos expõe mediana em timing.medianDaysInProcess.median. Se o card da UI mostrar “média”, não unificar o rótulo sem validação humana.","O payload de cancelamentos expõe mediana em timing.medianDaysInProcess.median. Se o card da UI mostrar “média”, não unificar o rótulo sem validação humana.",,,days,,no,no,,,,,,,,no,,,,,tempo tipico no processo de cancelamento|mediana de dias em processo de cancelamento|quanto tempo tipico no processo de cancelamento,Presente na V1 e ausente do CSV Dash Kids; não promovida na V2.,,,,yes,no,portal-metric-catalog.mjs#typical_days_in_cancellation_process
ep_cancelled_share,Percentual cancelado da carteira por EP,ep_performance,Performance do Engenheiro Patrimonial,Cancelados confirmados ÷ carteira do EP atualmente vinculado (não é taxa temporal). Ressalva: pode não ser o EP histórico no cancelamento.,cancelados confirmados / carteira,,,percent,,no,no,,,,,,,,no,,,,,qual o percentual cancelado da carteira por ep|percentual cancelado da carteira|percentual cancelado por ep,Presente na V1 e ausente do CSV Dash Kids; não promovida na V2.,,,,yes,no,portal-metric-catalog.mjs#ep_cancelled_share
ep_clients_by_advisor,Clientes por EP,ep_performance,Performance do Engenheiro Patrimonial,Clientes distintos sob o EP atual (payload Performance do EP).,count(distinct client_id) por engenheiro_patrimonial,,,clients,,no,no,,,,,,,,no,,public.clients.engenheiro_patrimonial,clients,engenheiro_patrimonial,quantos clientes cada ep possui|clientes por ep|carteira por engenheiro|clientes por engenheiro patrimonial,Presente na V1 e ausente do CSV Dash Kids; não promovida na V2.,,,,yes,no,portal-metric-catalog.mjs#ep_clients_by_advisor
ep_clients_without_meeting,Clientes sem reunião,ep_performance,Performance do Engenheiro Patrimonial,Clientes da carteira sem nenhuma reunião válida.,carteira − clientes com reunião,,,clients,,no,no,,,,,,,,no,,,,,quantos clientes estao sem reuniao|quantos clientes estão sem reunião|clientes sem reuniao|clientes sem reunião,Presente na V1 e ausente do CSV Dash Kids; não promovida na V2.,,,,yes,no,portal-metric-catalog.mjs#ep_clients_without_meeting
ep_meeting_coverage,Cobertura de reuniões por EP,ep_performance,Performance do Engenheiro Patrimonial,Clientes com ≥1 reunião válida ÷ carteira do EP.,clientes com reunião / carteira,,,percent,,no,no,,,,,,,,no,,public.clients.id,clients,id,qual e a cobertura de reunioes por ep|qual é a cobertura de reuniões por ep|cobertura de reunioes por ep|cobertura de reuniões por ep,Presente na V1 e ausente do CSV Dash Kids; não promovida na V2.,,,,yes,no,portal-metric-catalog.mjs#ep_meeting_coverage
ep_nps,NPS por EP,ep_performance,Performance do Engenheiro Patrimonial,Índice NPS oficial (% Promotores − % Detratores) por EP atual; média da nota é secundária. Cobertura da carteira pode ser baixa.,% promotores (9–10) − % detratores (0–6),,,index,,no,no,,,,,,,,no,,public.nps_responses.score,nps_responses,score,qual o nps por ep|nps medio por ep|nps médio por ep|nps do engenheiro,Presente na V1 e ausente do CSV Dash Kids; não promovida na V2.,,,,yes,no,portal-metric-catalog.mjs#ep_nps
ep_pharus_meetings,Reuniões no App Pharus,ep_performance,Performance do Engenheiro Patrimonial,Reuniões do App Pharus (seção isolada do dashboard Performance EP).,Reuniões do App Pharus (seção isolada do dashboard Performance EP).,,,meetings,,no,no,,,,,,,,no,,,,,quantas reunioes foram registradas no app pharus|quantas reuniões foram registradas no app pharus|reunioes app pharus|reuniões app pharus,Presente na V1 e ausente do CSV Dash Kids; não promovida na V2.,,,,yes,no,portal-metric-catalog.mjs#ep_pharus_meetings
ep_small_samples,EPs com amostra pequena,ep_performance,Performance do Engenheiro Patrimonial,EPs com menos de 10 clientes na carteira.,EPs com menos de 10 clientes na carteira.,,,label,,no,no,,,,,,,,no,,,,,quais eps possuem amostra pequena|eps com amostra pequena|engenheiros com amostra pequena,Presente na V1 e ausente do CSV Dash Kids; não promovida na V2.,,,,yes,no,portal-metric-catalog.mjs#ep_small_samples
financial_clients_with_data,Clientes com dados financeiros,financial_updates,Atualização Financeira,Clientes com ≥1 registro em client_financial_data no recorte da tela Atualização Financeira.,Clientes com ≥1 registro em client_financial_data no recorte da tela Atualização Financeira.,,,clients,,no,no,,,,,,,,no,,public.client_financial_data.client_id,client_financial_data,client_id,clientes com dados financeiros na atualizacao financeira|cobertura financeira da tela financeira|clientes com diagnostico financeiro na tela financeira,Presente na V1 e ausente do CSV Dash Kids; não promovida na V2.,,,,yes,no,portal-metric-catalog.mjs#financial_clients_with_data
financial_median_days_since_update,Recência da atualização financeira,financial_updates,Atualização Financeira,Mediana de dias desde a última atualização válida (updated_at > created_at). O card da UI diz “média”; o número principal é a mediana; a média aparece na nota.,Mediana de dias desde a última atualização válida (updated_at > created_at). O card da UI diz “média”; o número principal é a mediana; a média aparece na nota.,,,days,,no,no,,,,,,,,no,,,,,recencia media da atualizacao|dias desde atualizacao financeira|mediana dias desde atualizacao,Presente na V1 e ausente do CSV Dash Kids; não promovida na V2.,,,,yes,no,portal-metric-catalog.mjs#financial_median_days_since_update
financial_outdated_over_90_days,Clientes com dados desatualizados,financial_updates,Atualização Financeira,Clientes com atualização válida há mais de 90 dias.,Clientes com atualização válida há mais de 90 dias.,,,clients,,no,no,,,,,,,,no,,,,,dados financeiros desatualizados|atualizacao ha mais de 90 dias,Presente na V1 e ausente do CSV Dash Kids; não promovida na V2.,,,,yes,no,portal-metric-catalog.mjs#financial_outdated_over_90_days
financial_post_creation_updates,Clientes com registro alterado após a criação,financial_updates,Atualização Financeira,Atualização real: updated_at > created_at. A criação inicial NÃO conta. Sem histórico de eventos: o total é o número de clientes cujo registro foi alterado após a criação.,isUpdated = updated_at > created_at,,,clients,,no,no,,,,,,,,no,,public.client_financial_data.updated_at|public.client_financial_data.created_at,client_financial_data|client_financial_data,updated_at|created_at,atualizacao financeira real|updated_at maior que created_at|clientes com atualizacao financeira|atualizacoes financeiras|como funciona a atualizacao financeira|como e calculada a atualizacao financeira,Presente na V1 e ausente do CSV Dash Kids; não promovida na V2.,,,,yes,no,portal-metric-catalog.mjs#financial_post_creation_updates
financial_updated_last_30_days,Atualizados nos últimos 30 dias,financial_updates,Atualização Financeira,Clientes com updated_at > created_at e atualização nos últimos 30 dias.,Clientes com updated_at > created_at e atualização nos últimos 30 dias.,,,clients,,no,no,,,,,,,,no,,,,,atualizados nos ultimos 30 dias|atualizacao financeira recente,Presente na V1 e ausente do CSV Dash Kids; não promovida na V2.,,,,yes,no,portal-metric-catalog.mjs#financial_updated_last_30_days
active_clients,Clientes ativos,general,Dados Gerais,Cliente com status bruto ativo e sem a regra consolidada (churn_efetivado_at OU distrato_assinado_at OU distrato='Assinado' OU clients.data_churn (união distinta por client_id; não arquivado)).,analyticalStatus === Ativo: status bruto ativo E sem cancelamento efetivado (churn_efetivado_at OU distrato_assinado_at OU distrato textual Assinado OU clients.data_churn; registros arquivados ignorados),,,clients,Sim,yes,no,,,,,,,,no,,public.clients.status|public.cancellations.churn_efetivado_at|public.cancellations.distrato_assinado_at|public.cancellations.distrato|public.clients.data_churn,clients|cancellations|cancellations|cancellations|clients,status|churn_efetivado_at|distrato_assinado_at|distrato|data_churn,clientes ativos|quantos clientes ativos|quantos clientes estao ativos|quantos clientes estão ativos|quantos estao ativos|quantos estão ativos|ativos|clientes com status ativo|clientes em atividade|quantidade de clientes ativos,,,,,yes,yes,portal-metric-catalog.mjs#active_clients
active_or_frozen_clients,Clientes ativos e congelados,general,Dados Gerais,Clientes com status analítico Ativo ou Congelado (sem churn_efetivado_at nem distrato_assinado_at em registro não arquivado).,"analyticalStatus in (Ativo, Congelado)",,,clients,,no,no,,,,,,,,no,,public.clients.status|public.cancellations.churn_efetivado_at|public.cancellations.distrato_assinado_at,clients|cancellations|cancellations,status|churn_efetivado_at|distrato_assinado_at,clientes ativos e congelados|ativos e congelados|ativos ou congelados|ativos mais congelados|carteira ativa e congelada|quantos clientes ativos e congelados,Presente na V1 e ausente do CSV Dash Kids; não promovida na V2.,,,,yes,no,portal-metric-catalog.mjs#active_or_frozen_clients
apex_clients,Clientes APEX,general,Dados Gerais,Clientes classificados no segmento APEX.,Clientes classificados no segmento APEX.,,,clients,,no,no,,,,,,,,no,,public.client_financial_data.ultima_renda_mensal,client_financial_data,ultima_renda_mensal,clientes apex|quantos apex|segmento apex|apex,Presente na V1 e ausente do CSV Dash Kids; não promovida na V2.,,,,yes,no,portal-metric-catalog.mjs#apex_clients
cancelled_clients,Cancelados confirmados,general,Dados Gerais,Cliente cancelado é aquele que possui evidência consolidada: churn_efetivado_at OU distrato_assinado_at OU distrato='Assinado' OU clients.data_churn (união distinta por client_id; não arquivado). prioridade: churn_efetivado_at > distrato_assinado_at > clients.data_churn; distrato Assinado sem data = efetivado sem data confirmada.,analyticalStatus === Cancelado (churn_efetivado_at ?? distrato_assinado_at ?? clients.data_churn | distrato Assinado),,,clients,Sim,yes,no,,,,,,,,no,,public.clients.status|public.cancellations.churn_efetivado_at|public.cancellations.distrato_assinado_at,clients|cancellations|cancellations,status|churn_efetivado_at|distrato_assinado_at,clientes cancelados|quantos clientes cancelados|cancelados|clientes com status cancelado|como calculam cliente cancelado|como e calculado cliente cancelado,,,,,yes,yes,portal-metric-catalog.mjs#cancelled_clients
cancelled_without_confirmed_date,Cancelados sem data confirmada,general,Dados Gerais,Status bruto Cancelado/Churn sem a regra consolidada (churn_efetivado_at OU distrato_assinado_at OU distrato='Assinado' OU clients.data_churn (união distinta por client_id; não arquivado)). Não conta como cancelamento efetivado; categoria 'Marcado como cancelado sem confirmação'.,Cliente distinto presente em clients após exclusões operacionais.,,,clients,Sim,yes,no,,,,,,,,no,,public.clients.undefined,clients,,cancelados sem data confirmada|cancelados sem data|churn sem data|cancelado sem churn efetivado,,,,,yes,yes,portal-metric-catalog.mjs#cancelled_without_confirmed_date
chronological_stay_days,Permanência cronológica,general,Dados Gerais,Dias civis contratação → cancelamento com data (se efetivado) ou hoje (America/Sao_Paulo). Sem o bônus +365 de renovação. É a duração usada em Kaplan–Meier e cohort.,"tenureDaysBetween(hire, end); end = data analítica de cancelamento ou hoje SP",,,days,,no,no,,,,,,,,no,,,,,permanencia cronologica|permanencia sem ajuste|stayDaysBase,Presente na V1 e ausente do CSV Dash Kids; não promovida na V2.,,,,yes,no,portal-metric-catalog.mjs#chronological_stay_days
client_acquisition_monthly,Evolução mensal da aquisição de clientes,general,Dados Gerais,"Clientes adquiridos por mês, independentemente do status atual.",Conta clientes pela data de contratação (data_inicio_ciclo / created_at). O recorte de ativos da página não se aplica a este gráfico.,,,clients,Sim,yes,no,,,,,,,,no,,,,,,vw_info_cliente.data_assinatura_contrato; fallback data_inicio_ciclo/created_at,,,,yes,yes,confiabilidade-indicadores - Página1 (1).csv | Dados Gerais | Evolução mensal da aquisição de clientes | Gráfico
clients_by_engineer,Engenheiro Patrimonial,general,Dados Gerais,Distribuição de clientes por engenheiro patrimonial.,Conta clientes distintos por clients.engenheiro_patrimonial no recorte filtrado.,,,clients,Sim,yes,no,,,,,,,,no,,public.clients.undefined,clients,,,clients.engenheiro_patrimonial,,,,yes,yes,confiabilidade-indicadores - Página1 (1).csv | Dados Gerais | Engenheiro Patrimonial | Gráfico
clients_by_segment,Clientes por segmento,general,Dados Gerais,"Distribuição da carteira filtrada pelos segmentos APEX, PRIVATE, PRINCIPAL, DEBTS, OVER e dados insuficientes.",Classifica cada cliente pelo segmento calculado a partir dos dados financeiros e conta por categoria.,,,clients,Sim,yes,no,,,,,,,,no,,,,,,"ultima_renda_mensal, reserva_liquidez, último aporte e dívidas",,,,yes,yes,confiabilidade-indicadores - Página1 (1).csv | Dados Gerais | Clientes por segmento | Gráfico
clients_by_status,Clientes por status,general,Dados Gerais,"Distribuição da carteira filtrada pelo status analítico (Ativo, Congelado, Cancelado e variantes).",Conta clientes por analyticalStatus após a regra consolidada de cancelamento.,,,clients,Sim,yes,no,,,,,,,,no,,public.clients.undefined|public.cancellations.undefined,clients|cancellations,,,clients.status + cancellations,,,,yes,yes,confiabilidade-indicadores - Página1 (1).csv | Dados Gerais | Clientes por status | Gráfico
clients_with_financial_data,Clientes com diagnóstico financeiro,general,Dados Gerais,Clientes distintos com registro em public.client_financial_data (clientsWithFinancialProfile).,count distinct client_id com registro financeiro,,,clients,Sim,yes,no,,,,,,,,no,,public.client_financial_data.client_id,client_financial_data,client_id,clientes com diagnostico financeiro|clientes com dados financeiros|clientes com cadastro financeiro|quantos possuem diagnostico financeiro|quantos clientes com diagnostico financeiro|quantos clientes tem dados financeiros|quantos clientes têm dados financeiros|diagnostico financeiro|com diagnostico financeiro,Registro em client_financial_data e vínculo client_financial_data.client_id → clients.id.,,,,yes,yes,portal-metric-catalog.mjs#clients_with_financial_data
debts_clients,Clientes DEBTS,general,Dados Gerais,Clientes classificados no segmento DEBTS.,Clientes classificados no segmento DEBTS.,,,clients,,no,no,,,,,,,,no,,,,,clientes debts|quantos debts|segmento debts|debts|endividados,Presente na V1 e ausente do CSV Dash Kids; não promovida na V2.,,,,yes,no,portal-metric-catalog.mjs#debts_clients
financial_profile_distribution,Perfil Financeiro,general,Dados Gerais,"Perfil patrimonial (imóvel, carro, consórcio e correlatos) entre clientes com diagnóstico financeiro.",Conta flags financeiras preenchidas na base de client_financial_data.,,,clients,Sim,yes,no,,,,,,,,no,,public.client_financial_data.undefined,client_financial_data,,,client_financial_data e flags possui_*,,,,yes,yes,confiabilidade-indicadores - Página1 (1).csv | Dados Gerais | Perfil Financeiro | Gráfico
frozen_clients,Clientes congelados,general,Dados Gerais,Cliente com status bruto congelado e sem a regra consolidada (churn_efetivado_at OU distrato_assinado_at OU distrato='Assinado' OU clients.data_churn (união distinta por client_id; não arquivado)).,Cliente distinto presente em clients após exclusões operacionais.,,,clients,Sim,yes,no,,,,,,,,no,,public.clients.status|public.cancellations.churn_efetivado_at|public.cancellations.distrato_assinado_at,clients|cancellations|cancellations,status|churn_efetivado_at|distrato_assinado_at,clientes congelados|quantos clientes congelados|congelados|clientes pausados,,,,,yes,yes,portal-metric-catalog.mjs#frozen_clients
insufficient_segment_data,Dados insuficientes (segmento),general,Dados Gerais,Clientes sem renda nem critério suficiente para segmentar.,Clientes sem renda nem critério suficiente para segmentar.,,,clients,,no,no,,,,,,,,no,,,,,dados insuficientes|clientes com dados insuficientes|sem dados suficientes para segmento|segmento dados insuficientes,Presente na V1 e ausente do CSV Dash Kids; não promovida na V2.,,,,yes,no,portal-metric-catalog.mjs#insufficient_segment_data
liquidity_reserve_distribution,Distribuição da reserva de liquidez,general,Dados Gerais,Distribuição da reserva de liquidez entre clientes com valor numérico válido.,Agrupa reserva_liquidez válida em faixas; cobertura parcial da carteira.,,,clients,Sim,yes,no,,,,,,,,no,,public.client_financial_data.undefined,client_financial_data,,,client_financial_data.reserva_liquidez,,,,yes,yes,confiabilidade-indicadores - Página1 (1).csv | Dados Gerais | Distribuição da reserva de liquidez | Gráfico
median_last_contribution,Último aporte médio,general,Dados Gerais,Mediana do último aporte válido (typicalLastContribution).,Mediana dos valores numéricos válidos.,,,currency,Sim,yes,no,,,,,,,,no,,public.client_financial_data.ultimo_aporte,client_financial_data,ultimo_aporte,ultimo aporte tipico|aporte tipico|mediana do ultimo aporte|ultimo aporte mediano|qual o ultimo aporte tipico,client_financial_data.ultimo_aporte ausente/inválido ou diagnóstico financeiro inexistente.,,,,yes,yes,portal-metric-catalog.mjs#median_last_contribution
median_liquidity_reserve,Reserva de liquidez média,general,Dados Gerais,Mediana da reserva de liquidez válida (typicalLiquidityReserve).,Mediana dos valores numéricos válidos.,,,currency,Sim,yes,no,,,,,,,,no,,public.client_financial_data.reserva_liquidez,client_financial_data,reserva_liquidez,reserva de liquidez tipica|reserva tipica|liquidez tipica|mediana da reserva de liquidez|reserva de liquidez mediana|qual a reserva de liquidez tipica,client_financial_data.reserva_liquidez ausente/inválido ou diagnóstico financeiro inexistente.,,,,yes,yes,portal-metric-catalog.mjs#median_liquidity_reserve
median_monthly_income,Renda mensal média,general,Dados Gerais,Mediana da última renda mensal válida (typicalMonthlyIncome). A mediana reduz o efeito de valores extremos.,Mediana de ultima_renda_mensal válida dos clientes com diagnóstico financeiro.,,,currency,Sim,yes,no,,,,,,,,no,,public.client_financial_data.ultima_renda_mensal,client_financial_data,ultima_renda_mensal,renda mensal tipica|renda tipica|renda mensal|mediana da renda|mediana da renda mensal|renda mensal mediana|renda mediana|qual a renda mensal|qual a renda mensal tipica|qual e a renda mensal tipica|onde fica a renda mensal|onde esta a renda mensal,client_financial_data.ultima_renda_mensal ausente/inválido ou diagnóstico financeiro inexistente.,,,,yes,yes,portal-metric-catalog.mjs#median_monthly_income
median_stay_days,Permanência média,general,Dados Gerais,"Mediana dos dias de permanência analítica (typicalStayDays). O card da UI chama isso de “Permanência média”, mas o valor é a mediana. Inclui ajuste +365 quando ciclo≥2 e permanência base < 365. Não é a duração usada em Kaplan–Meier/cohort.",Mediana de stayDays analíticos (base + ajuste +365 se ciclo≥2 e base<365); média disponível em averageStayDays.,,,days,Sim,yes,no,,,,,,,,no,,public.clients.data_inicio_ciclo,clients,data_inicio_ciclo,permanencia tipica|permanencia mediana|tempo de permanencia|tempo de casa tipico|mediana de permanencia|permanencia media|permanência média|permanencia|o que e permanencia|o que significa permanencia,O nome da UI diz média; o valor principal é mediana.,,,,yes,yes,portal-metric-catalog.mjs#median_stay_days
monthly_income_distribution,Distribuição da renda mensal,general,Dados Gerais,Distribuição da renda mensal entre clientes com valor numérico válido.,Agrupa ultima_renda_mensal válida em faixas; cobertura parcial da carteira.,,,clients,Sim,yes,no,,,,,,,,no,,public.client_financial_data.undefined,client_financial_data,,,client_financial_data.ultima_renda_mensal,,,,yes,yes,confiabilidade-indicadores - Página1 (1).csv | Dados Gerais | Distribuição da renda mensal | Gráfico
non_active_clients,Clientes não ativos,general,Dados Gerais,Congelados + cancelados sem data confirmada (+ outros não ativos reconhecidos). Não inclui ativos nem cancelados confirmados.,Cliente distinto presente em clients após exclusões operacionais.,,,clients,Sim,yes,no,,,,,,,,no,,public.clients.undefined,clients,,clientes nao ativos|quantos clientes nao ativos|fora da carteira ativa,,,,,yes,yes,portal-metric-catalog.mjs#non_active_clients
over_clients,Clientes OVER,general,Dados Gerais,Clientes classificados no segmento OVER.,Clientes classificados no segmento OVER.,,,clients,,no,no,,,,,,,,no,,,,,clientes over|quantos over|segmento over|over,Presente na V1 e ausente do CSV Dash Kids; não promovida na V2.,,,,yes,no,portal-metric-catalog.mjs#over_clients
principal_clients,Clientes PRINCIPAL,general,Dados Gerais,Clientes classificados no segmento PRINCIPAL.,Clientes classificados no segmento PRINCIPAL.,,,clients,,no,no,,,,,,,,no,,,,,clientes principal|quantos principal|segmento principal|principal,Presente na V1 e ausente do CSV Dash Kids; não promovida na V2.,,,,yes,no,portal-metric-catalog.mjs#principal_clients
private_clients,Clientes PRIVATE,general,Dados Gerais,Clientes classificados no segmento PRIVATE.,Clientes classificados no segmento PRIVATE.,,,clients,,no,no,,,,,,,,no,,,,,clientes private|quantos private|segmento private|private,Presente na V1 e ausente do CSV Dash Kids; não promovida na V2.,,,,yes,no,portal-metric-catalog.mjs#private_clients
stay_duration_distribution,Tempo de permanência,general,Dados Gerais,"Distribuição do tempo de permanência em faixas, só com intervalos cronologicamente válidos.",Usa data de entrada e data analítica de cancelamento ou a data corrente; descarta negativos e datas inválidas.,,,clients,Sim,yes,no,,,,,,,,no,,,,,,"Tempo de permanência deve ser levado em consideração também a questão do ciclo, a criação de um campo de ""data_primeiro_ciclo"" ajudaria o cálculo,datas de início/cancelamento",,,,yes,yes,confiabilidade-indicadores - Página1 (1).csv | Dados Gerais | Tempo de permanência | Gráfico
total_clients,Total de clientes,general,Dados Gerais,Contagem de clientes distintos na carteira do payload de Dados Gerais.,count(distinct clients.id) no recorte do dashboard,,,clients,Sim,yes,no,,,,,,,,no,,public.clients.id,clients,id,total de clientes|quantos clientes temos|quantidade de clientes|total da carteira|tamanho da carteira|quantos clientes|numero de clientes|qual o total de clientes,,,,,yes,yes,portal-metric-catalog.mjs#total_clients
average_days_to_first_mechanism,Mediana até 1º mecanismo,journey,Jornada e Onboarding,Mediana dos dias até a primeira implementação válida registrada em public.client_mecanismos.,"Por cliente: primeira data válida de implementação em client_mecanismos − data inicial. Priorizar implemented_at, implantado_at ou data_implementacao; para status implementado, usar updated_at e depois created_at como fallback. Excluir negativos e calcular a mediana.",,,days,Avaliar,no,no,,,,,,,,no,,public.clients.data_inicio_ciclo|public.client_mecanismos.implemented_at|public.client_mecanismos.status,clients|client_mecanismos|client_mecanismos,data_inicio_ciclo|implemented_at|status,media ate o primeiro mecanismo na jornada|media de onboarding ate o primeiro mecanismo|media ate o primeiro mecanismo da jornada|average first implementation days jornada,data_inicio_ciclo/created_at e client_mecanismos.implemented_at/status,,,,yes,no,portal-metric-catalog.mjs#average_days_to_first_mechanism
average_days_to_first_meeting,Mediana até 1ª reunião,journey,Jornada e Onboarding,"Mediana (não média) na coorte única dos quatro prazos entre a data inicial e a primeira reunião do cliente. Na Jornada a primeira reunião é o menor client_meetings.start_time, sem exigir comparecimento. A tela Reuniões usa comparecimento e fallbacks — regras ainda divergentes.",Na coorte com os três marcos válidos e ordenados: dias = primeira client_meetings.start_time − data inicial; calcular a mediana.,,,days,Avaliar,no,no,,,,,,,,no,,public.clients.data_inicio_ciclo|public.client_meetings.start_time,clients|client_meetings,data_inicio_ciclo|start_time,media ate a primeira reuniao|dias ate a primeira reuniao|tempo medio ate a primeira reuniao,data_inicio_ciclo/created_at e client_meetings.start_time,,,,yes,no,portal-metric-catalog.mjs#average_days_to_first_meeting
average_days_to_plan_delivery,Mediana até entrega do plano,journey,Jornada e Onboarding,"Proxy: mediana dos dias entre a contratação e a primeira reunião Central de Inteligência, na mesma coorte cronológica dos três marcos.",Na coorte com onboarding ≤ primeira reunião ≤ entrega: dias = primeira reunião Central de Inteligência − data inicial; calcular a mediana.,,,days,Avaliar,no,no,,,,,,,,no,,public.clients.data_inicio_ciclo|public.client_meetings.start_time|public.client_meetings.event_name,clients|client_meetings|client_meetings,data_inicio_ciclo|start_time|event_name,media ate a entrega do plano|dias ate a entrega do plano|entrega do plano patrimonial,data_inicio_ciclo/created_at e reunião Central de Inteligência,,,,yes,no,portal-metric-catalog.mjs#average_days_to_plan_delivery
average_onboarding_days,Mediana onboarding total,journey,Jornada e Onboarding,"Proxy: mediana dos dias entre a contratação e o primeiro marco disponível, na mesma coorte cronológica de primeira reunião e entrega do plano.",Na coorte com os três marcos válidos e ordenados: usar o menor intervalo até a primeira reunião ou inclusão financeira e calcular a mediana.,,,days,Avaliar,no,no,,,,,,,,no,,public.clients.data_inicio_ciclo|public.clients.created_at|public.client_meetings.start_time|public.client_financial_data.created_at,clients|clients|client_meetings|client_financial_data,data_inicio_ciclo|created_at|start_time|created_at,media de onboarding|tempo total de onboarding|onboarding total,data_inicio_ciclo/created_at e primeiro marco reunião/financeiro,,,,yes,no,portal-metric-catalog.mjs#average_onboarding_days
completed_onboarding_clients,Concluíram onboarding,journey,Jornada e Onboarding,Contagem de clientes cujo estágio atual está fora dos estágios abertos OU que possuem primeira reunião OU dados financeiros informados.,"Para cada cliente: concluído quando o current_stage_id mais recente NÃO pertence aos estágios abertos (7c43c981..., ae3a6015..., 33bb253e...), OU existe primeira reunião, OU existe ao menos um registro em public.client_financial_data.",,,clients,Avaliar,no,no,,,,,,,,no,,public.client_journeys.current_stage_id|public.journey_stages.id|public.client_financial_data.client_id,client_journeys|journey_stages|client_financial_data,current_stage_id|id|client_id,concluiram onboarding|concluiu onboarding|onboarding concluido|clientes com onboarding concluido|contabilizados os clientes que concluiram onboarding|o que e onboarding|onboarding,"client_journeys.current_stage_id, primeira reunião ou client_financial_data",,,,yes,no,portal-metric-catalog.mjs#completed_onboarding_clients
days_to_first_mechanism_chart,Dias até primeiro mecanismo implementado,journey,Jornada e Onboarding,Distribuição dos dias até o primeiro mecanismo implementado.,Mesma amostra do cartão correspondente. Preenchimento retroativo pode distorcer.,,,clients,Recomendação: Não Levar,no,no,,,,,,,,no,,public.clients.undefined|public.client_financial_data.undefined|public.client_meetings.undefined|public.client_mecanismos.undefined|public.mecanismos.undefined|public.client_journeys.undefined,clients|client_financial_data|client_meetings|client_mecanismos|mecanismos|client_journeys,,,"Com o preenchimento retroativo dos dados, pode impactar no cálculo da média,Campos de data/marco usados pelo indicador correspondente.",,,,yes,no,confiabilidade-indicadores - Página1 (1).csv | Jornada e onboarding | Dias até primeiro mecanismo implementado | Gráfico
days_to_first_meeting_chart,Dias até a primeira reunião,journey,Jornada e Onboarding,Distribuição dos dias até a primeira reunião na coorte comparável de onboarding.,Mesma amostra do cartão de mediana até a 1ª reunião; intervalos não negativos.,,,clients,Avaliar,no,no,,,,,,,,no,,public.clients.undefined|public.client_financial_data.undefined|public.client_meetings.undefined|public.client_mecanismos.undefined|public.mecanismos.undefined|public.client_journeys.undefined,clients|client_financial_data|client_meetings|client_mecanismos|mecanismos|client_journeys,,,Campos de data/marco usados pelo indicador correspondente.,,,,yes,no,confiabilidade-indicadores - Página1 (1).csv | Jornada e onboarding | Dias até a primeira reunião | Gráfico
days_to_plan_delivery_chart,Dias até entrega do plano patrimonial,journey,Jornada e Onboarding,Distribuição dos dias até a entrega do plano na coorte comparável de onboarding.,Mesma amostra do cartão de mediana até entrega do plano.,,,clients,Avaliar,no,no,,,,,,,,no,,public.clients.undefined|public.client_financial_data.undefined|public.client_meetings.undefined|public.client_mecanismos.undefined|public.mecanismos.undefined|public.client_journeys.undefined,clients|client_financial_data|client_meetings|client_mecanismos|mecanismos|client_journeys,,,Campos de data/marco usados pelo indicador correspondente.,,,,yes,no,confiabilidade-indicadores - Página1 (1).csv | Jornada e onboarding | Dias até entrega do plano patrimonial | Gráfico
onboarding_completion_chart,Concluiu onboarding,journey,Jornada e Onboarding,Distribuição de quem concluiu ou não o onboarding entre clientes avaliáveis.,"Usa a classificação de conclusão (jornada fechada, primeira reunião ou dado financeiro).",,,clients,Sim,yes,no,,,,,,,,no,,public.clients.undefined|public.client_financial_data.undefined|public.client_meetings.undefined|public.client_mecanismos.undefined|public.mecanismos.undefined|public.client_journeys.undefined,clients|client_financial_data|client_meetings|client_mecanismos|mecanismos|client_journeys,,,Campos de data/marco usados pelo indicador correspondente.,,,,yes,yes,confiabilidade-indicadores - Página1 (1).csv | Jornada e onboarding | Concluiu onboarding | Gráfico
total_onboarding_time_chart,Tempo total de onboarding,journey,Jornada e Onboarding,Distribuição do tempo total de onboarding na coorte comparável.,Mesma amostra do cartão de mediana de onboarding total.,,,clients,Sim,yes,no,,,,,,,,no,,public.clients.undefined|public.client_financial_data.undefined|public.client_meetings.undefined|public.client_mecanismos.undefined|public.mecanismos.undefined|public.client_journeys.undefined,clients|client_financial_data|client_meetings|client_mecanismos|mecanismos|client_journeys,,,Campos de data/marco usados pelo indicador correspondente.,,,,yes,yes,confiabilidade-indicadores - Página1 (1).csv | Jornada e onboarding | Tempo total de onboarding | Gráfico
available_mechanisms,Vínculos cliente + mecanismo,mechanisms,Implementação de Mecanismos,Combinações únicas de cliente e mecanismo após deduplicação. Não é a quantidade de tipos do catálogo.,"count(distinct client_id, mecanismo_id) — soma de available por cliente.",,,mechanisms,,no,no,,,,,,,,no,,public.client_mecanismos.mecanismo_id,client_mecanismos,mecanismo_id,vinculos cliente mecanismo|vínculos cliente + mecanismo|mecanismos previstos para os clientes|recomendacoes de mecanismos|mecanismos disponiveis|quantos mecanismos foram previstos|associacoes cliente mecanismo,Presente na V1 e ausente do CSV Dash Kids; não promovida na V2.,,,,yes,no,portal-metric-catalog.mjs#available_mechanisms
average_days_to_first_implementation,Tempo médio até a primeira implementação,mechanisms,Implementação de Mecanismos,Média aritmética dos dias até a primeira implementação (página Mecanismos — summary.averageDaysToFirstImplementation).,Média aritmética de daysToFirstImplementation dos clientes com valor calculável.,,,days,Recomendação: Não Levar,no,no,,,,,,,,no,,public.clients.data_inicio_ciclo|public.client_mecanismos.implemented_at,clients|client_mecanismos,data_inicio_ciclo|implemented_at,media ate a primeira implementacao|media de dias ate a primeira implementacao|media ate o primeiro mecanismo|dias ate o primeiro mecanismo|tempo medio ate o primeiro mecanismo|qual e a media ate a primeira implementacao|qual e a media ate o primeiro mecanismo,"Verificar com o Cadu para ajustar o BaseQV para ter essa informação,client_mecanismos.client_id/mecanismo_id e data/status de implementação.",,,,yes,no,portal-metric-catalog.mjs#average_days_to_first_implementation
catalog_coverage_chart,Cobertura do catálogo,mechanisms,Implementação de Mecanismos,Tipos do catálogo utilizados versus sem utilização.,Distinct mecanismo_id presentes no catálogo versus tipos sem nenhum vínculo.,,,types,Sim,yes,no,,,,,,,,no,,public.clients.undefined|public.client_mecanismos.undefined|public.mecanismos.undefined,clients|client_mecanismos|mecanismos,,,"client_id, mecanismo_id, status, implemented_at e dimensão do gráfico.",,,,yes,yes,confiabilidade-indicadores - Página1 (1).csv | Implementação de Mecanismos | Cobertura do catálogo | Gráfico
catalog_mechanisms,Tipos no catálogo,mechanisms,Implementação de Mecanismos,Quantidade de mecanismos distintos cadastrados em public.mecanismos. Não confundir com vínculos.,count(*) / count(distinct id) em public.mecanismos,,,mechanisms,,no,no,,,,,,,,no,,public.mecanismos.id,mecanismos,id,tipos no catalogo|tipos no catálogo|quantos tipos existem no catalogo|quantos tipos existem no catálogo|mecanismos cadastrados|catalogo de mecanismos,Presente na V1 e ausente do CSV Dash Kids; não promovida na V2.,,,,yes,no,portal-metric-catalog.mjs#catalog_mechanisms
clients_with_exactly_one_available_mechanism,Clientes com exatamente 1 mecanismo disponível,mechanisms,Implementação de Mecanismos,Clientes cujo total de mecanismos disponíveis (deduplicados) é exatamente 1.,available === 1,,,clients,,no,no,,,,,,,,no,,public.client_mecanismos.mecanismo_id,client_mecanismos,mecanismo_id,clientes com exatamente 1 mecanismo disponivel|clientes com um mecanismo disponivel|usam 1 mecanismo disponivel,Presente na V1 e ausente do CSV Dash Kids; não promovida na V2.,,,,yes,no,portal-metric-catalog.mjs#clients_with_exactly_one_available_mechanism
clients_with_exactly_one_implemented_mechanism,Clientes com exatamente 1 mecanismo implementado,mechanisms,Implementação de Mecanismos,Clientes com exatamente um mecanismo no status Implementado.,implemented === 1,,,clients,,no,no,,,,,,,,no,,public.client_mecanismos.status,client_mecanismos,status,clientes com exatamente 1 mecanismo implementado|clientes com um mecanismo implementado|usam 1 mecanismo implementado|possuem exatamente um mecanismo implementado,Presente na V1 e ausente do CSV Dash Kids; não promovida na V2.,,,,yes,no,portal-metric-catalog.mjs#clients_with_exactly_one_implemented_mechanism
clients_with_exactly_one_in_progress_mechanism,Clientes com exatamente 1 mecanismo em andamento,mechanisms,Implementação de Mecanismos,Clientes com exatamente um mecanismo Em andamento.,inProgress === 1,,,clients,,no,no,,,,,,,,no,,public.client_mecanismos.status,client_mecanismos,status,clientes com exatamente 1 mecanismo iniciado|um mecanismo em andamento,Presente na V1 e ausente do CSV Dash Kids; não promovida na V2.,,,,yes,no,portal-metric-catalog.mjs#clients_with_exactly_one_in_progress_mechanism
clients_with_mechanisms,Clientes com mecanismos — BASE QV,mechanisms,Implementação de Mecanismos,Clientes distintos com pelo menos um mecanismo vinculado na BASE QV (count distinct client_id).,count(distinct client_id) em client_mecanismos após deduplicação e filtros.,,,clients,Sim,yes,no,,,,,,,,no,,public.client_mecanismos.client_id,client_mecanismos,client_id,clientes com mecanismos|clientes que possuem mecanismos|clientes com ao menos 1 mecanismo|quantos clientes tem mecanismos|quantos clientes têm mecanismos|quantos clientes possuem mecanismos na base qv|clientes com mecanismos na base qv,"Levar para mostrar o tamanho do ""buraco"",client_mecanismos.client_id/mecanismo_id e data/status de implementação.",,,,yes,yes,portal-metric-catalog.mjs#clients_with_mechanisms
clients_with_recent_implementation,Clientes com implementação recente,mechanisms,Implementação de Mecanismos,Clientes com pelo menos um mecanismo implementado nos últimos 30 dias.,hasImplementationLast30Days === true,,,clients,Sim,yes,no,,,,,,,,no,,public.client_mecanismos.implemented_at,client_mecanismos,implemented_at,implementacao recente|implementaram nos ultimos 30 dias,"Número pode ter distorção, preenchimento retroativo dos dados de mecanismos,client_mecanismos.client_id/mecanismo_id e data/status de implementação.",,,,yes,yes,portal-metric-catalog.mjs#clients_with_recent_implementation
combined_people_with_mechanisms,Registros de clientes com mecanismos nas duas fontes,mechanisms,Implementação de Mecanismos,Soma bruta BASE QV + App Pharus quando não há chave confiável de deduplicação. Sempre informar a ressalva.,baseQvClientsWithMechanisms + appPharusUsersWithMechanisms (gross_sum),,,people,,no,no,,,,,,,,no,,,,,quantos clientes possuem mecanismos nas duas fontes|total consolidado de mecanismos|clientes com mecanismos nas duas fontes|soma base qv e app pharus,"Soma bruta; pode haver pessoas presentes em ambas as fontes.,Presente na V1 e ausente do CSV Dash Kids; não promovida na V2.",,,,yes,no,portal-metric-catalog.mjs#combined_people_with_mechanisms
days_since_last_implementation_chart,Dias desde a última implementação,mechanisms,Implementação de Mecanismos,Distribuição dos dias desde a última implementação.,Não levado na V2 (Dash Kids).,,,clients,Recomendação: Não Levar,no,no,,,,,,,,no,,public.clients.undefined|public.client_mecanismos.undefined|public.mecanismos.undefined,clients|client_mecanismos|mecanismos,,,"client_id, mecanismo_id, status, implemented_at e dimensão do gráfico.",,,,yes,no,confiabilidade-indicadores - Página1 (1).csv | Implementação de Mecanismos | Dias desde a última implementação | Gráfico
days_to_first_implementation_chart,Tempo até a primeira implementação,mechanisms,Implementação de Mecanismos,Distribuição do tempo até a primeira implementação.,Não levado na V2 (Dash Kids).,,,clients,Recomendação: Não Levar,no,no,,,,,,,,no,,public.clients.undefined|public.client_mecanismos.undefined|public.mecanismos.undefined,clients|client_mecanismos|mecanismos,,,"client_id, mecanismo_id, status, implemented_at e dimensão do gráfico.",,,,yes,no,confiabilidade-indicadores - Página1 (1).csv | Implementação de Mecanismos | Tempo até a primeira implementação | Gráfico
eligible_mechanisms,Aptos para iniciar,mechanisms,Implementação de Mecanismos,Vínculos com status Apto (ainda não iniciados).,Status apto → Apto. Soma de eligible por cliente.,,,mechanisms,,no,no,,,,,,,,no,,public.client_mecanismos.status,client_mecanismos,status,aptos para iniciar|mecanismos aptos|aptos|recomendacoes ainda nao iniciadas,Presente na V1 e ausente do CSV Dash Kids; não promovida na V2.,,,,yes,no,portal-metric-catalog.mjs#eligible_mechanisms
implementation_rate,Percentual implementado,mechanisms,Implementação de Mecanismos,Vínculos implementados ÷ total de vínculos cliente+mecanismo × 100. Denominador nunca é a contagem de tipos (15 ou 19).,implementedMechanisms / availableMechanisms × 100,,,percent,Sim,yes,no,,,,,,,,no,,public.client_mecanismos.status,client_mecanismos,status,percentual implementado|taxa de implementacao|qual o percentual implementado,"Levar para mostrar o tamanho do ""buraco"",mecanismo_id, client_id, status e catálogo mecanismos.",,,,yes,yes,portal-metric-catalog.mjs#implementation_rate
implementations_by_month_chart,Implementações por mês,mechanisms,Implementação de Mecanismos,Implementações por mês com implemented_at ≤ agora.,Conta vínculos Implementado com data válida. Datas podem ser retroativas.,,,links,Sim,yes,no,,,,,,,,no,,public.clients.undefined|public.client_mecanismos.undefined|public.mecanismos.undefined,clients|client_mecanismos|mecanismos,,,"Número pode ter distorção, preenchimento retroativo dos dados de mecanismos,client_id, mecanismo_id, status, implemented_at e dimensão do gráfico.",,,,yes,yes,confiabilidade-indicadores - Página1 (1).csv | Implementação de Mecanismos | Implementações por mês | Gráfico
implemented_by_engineer_chart,Clientes com mecanismo implementado por EP,mechanisms,Implementação de Mecanismos,"Clientes com pelo menos um mecanismo implementado, sobre a carteira do EP.",Numerador = clientes com implemented > 0; denominador = carteira do EP no recorte de status/segmento.,,,clients,Sim,yes,no,,,,,,,,no,,public.clients.undefined|public.client_mecanismos.undefined|public.mecanismos.undefined,clients|client_mecanismos|mecanismos,,,"Número pode ter distorção, preenchimento retroativo dos dados de mecanismos,client_id, mecanismo_id, status, implemented_at e dimensão do gráfico.",,,,yes,yes,confiabilidade-indicadores - Página1 (1).csv | Implementação de Mecanismos | Clientes com mecanismo implementado por EP | Gráfico
implemented_by_segment_chart,Implementados por segmento,mechanisms,Implementação de Mecanismos,Mecanismos implementados por segmento.,Soma vínculos implementados agrupados pelo segmento do cliente.,,,links,Sim,yes,no,,,,,,,,no,,public.clients.undefined|public.client_mecanismos.undefined|public.mecanismos.undefined,clients|client_mecanismos|mecanismos,,,"client_id, mecanismo_id, status, implemented_at e dimensão do gráfico.",,,,yes,yes,confiabilidade-indicadores - Página1 (1).csv | Implementação de Mecanismos | Implementados por segmento | Gráfico
implemented_mechanisms,Mecanismos implementados,mechanisms,Implementação de Mecanismos,Vínculos cliente × mecanismo com status normalizado como Implementado (concluído). O gráfico Implementados por segmento usa somente esses vínculos.,Status concluido/implementado → Implementado. Soma de implemented por cliente.,,,mechanisms,Sim,yes,no,,,,,,,,no,,public.client_mecanismos.status|public.client_mecanismos.implemented_at,client_mecanismos|client_mecanismos,status|implemented_at,mecanismos implementados|recomendacoes implementadas|quantos foram implementados|vinculos implementados|mecanismos concluidos|implementados|implementados por segmento|andamento por segmento|quantos tem mecanismos implementados|quantos clientes tem mecanismos implementados|onde vejo mecanismos|onde encontro mecanismos,"Levar para mostrar o tamanho do ""buraco"",mecanismo_id, client_id, status e catálogo mecanismos.",,,,yes,yes,portal-metric-catalog.mjs#implemented_mechanisms
in_progress_mechanisms,Em andamento,mechanisms,Implementação de Mecanismos,Vínculos com status Iniciado / Em andamento.,Status iniciado → Em andamento. Soma de inProgress por cliente.,,,mechanisms,Sim,yes,no,,,,,,,,no,,public.client_mecanismos.status,client_mecanismos,status,em andamento|mecanismos em andamento|mecanismos iniciados|implementacoes em andamento,"Levar para mostrar o tamanho do ""buraco"",mecanismo_id, client_id, status e catálogo mecanismos.",,,,yes,yes,portal-metric-catalog.mjs#in_progress_mechanisms
mechanism_status_chart,Status dos vínculos,mechanisms,Implementação de Mecanismos,"Distribuição dos vínculos deduplicados por status (Apto, Em andamento, Implementado, Não informado).","Após dedupe client_id+mecanismo_id, conta vínculos por status normalizado.",,,links,Sim,yes,no,,,,,,,,no,,public.clients.undefined|public.client_mecanismos.undefined|public.mecanismos.undefined,clients|client_mecanismos|mecanismos,,,"client_id, mecanismo_id, status, implemented_at e dimensão do gráfico.",,,,yes,yes,confiabilidade-indicadores - Página1 (1).csv | Implementação de Mecanismos | Status dos vínculos | Gráfico
mechanism_type_usage_chart,Utilização por tipo de mecanismo,mechanisms,Implementação de Mecanismos,Utilização por tipo de mecanismo (vínculos).,Conta vínculos deduplicados por mecanismo.,,,links,Sim,yes,no,,,,,,,,no,,public.clients.undefined|public.client_mecanismos.undefined|public.mecanismos.undefined,clients|client_mecanismos|mecanismos,,,"client_id, mecanismo_id, status, implemented_at e dimensão do gráfico.",,,,yes,yes,confiabilidade-indicadores - Página1 (1).csv | Implementação de Mecanismos | Utilização por tipo de mecanismo | Gráfico
mechanisms_per_client_chart,Quantidade de mecanismos por cliente,mechanisms,Implementação de Mecanismos,Quantidade de mecanismos por cliente com vínculo.,Faixas 1–4 e 5 ou mais sobre clientes com pelo menos um vínculo.,,,clients,Sim,yes,no,,,,,,,,no,,public.clients.undefined|public.client_mecanismos.undefined|public.mecanismos.undefined,clients|client_mecanismos|mecanismos,,,"client_id, mecanismo_id, status, implemented_at e dimensão do gráfico.",,,,yes,yes,confiabilidade-indicadores - Página1 (1).csv | Implementação de Mecanismos | Quantidade de mecanismos por cliente | Gráfico
median_days_to_first_implementation,Tempo típico até a primeira implementação,mechanisms,Implementação de Mecanismos,Mediana dos dias entre a contratação e a primeira implementação concluída (página Mecanismos). A média também é calculada e exibida como complementar.,Por cliente: dias = primeira implemented_at de mecanismo Implementado − data de contratação. Mediana desses dias (valor típico). Média aritmética também disponível.,,,days,,no,no,,,,,,,,no,,public.clients.data_inicio_ciclo|public.client_mecanismos.implemented_at,clients|client_mecanismos,data_inicio_ciclo|implemented_at,tempo tipico ate a primeira implementacao|mediana ate a primeira implementacao|mediana ate o primeiro mecanismo|dias tipicos ate a primeira implementacao|tempo tipico ate o primeiro mecanismo,Presente na V1 e ausente do CSV Dash Kids; não promovida na V2.,,,,yes,no,portal-metric-catalog.mjs#median_days_to_first_implementation
most_used_mechanism,Mecanismo mais utilizado,mechanisms,Implementação de Mecanismos,Mecanismo vinculado ao maior número de clientes distintos após deduplicação client_id+mecanismo_id (BASE QV). Não confundir com mais implementado nem com sugestões do App Pharus.,count(distinct client_id) group by mecanismo_id; maior contagem; empates retornados em ties,,,mechanism,Sim,yes,no,,,,,,,,no,,public.client_mecanismos.mecanismo_id|public.mecanismos.name,client_mecanismos|mecanismos,mecanismo_id|name,mecanismo mais utilizado|mecanismo mais usado|qual mecanismo aparece em mais clientes|mecanismo com mais clientes|tipo de mecanismo mais frequente,"Levar para mostrar o tamanho do ""buraco"",mecanismo_id, client_id, status e catálogo mecanismos.",,,,yes,yes,portal-metric-catalog.mjs#most_used_mechanism
pharus_top_suggested_mechanism,Mecanismo mais sugerido (App Pharus),mechanisms,Implementação de Mecanismos,Mecanismo com mais ocorrências em user_mechanisms ⋉ mechanisms.data no App Pharus.,mode(mechanism name) em sugestões App Pharus,,,mechanism,,no,no,,,,,,,,no,,app_pharus.user_mechanisms.mechanism_id|app_pharus.mechanisms.data,user_mechanisms|mechanisms,mechanism_id|data,mecanismo mais sugerido no app pharus|qual mecanismo e mais sugerido no app pharus|qual mecanismo é mais sugerido no app pharus|mecanismo mais recomendado no app pharus,Presente na V1 e ausente do CSV Dash Kids; não promovida na V2.,,,,yes,no,portal-metric-catalog.mjs#pharus_top_suggested_mechanism
pharus_total_suggestions,Mecanismos vinculados (App Pharus),mechanisms,Implementação de Mecanismos,Vínculos únicos user_id + mechanism_id no App Pharus (suggested = associado ao usuário).,"count distinct (user_id, mechanism_id) em core.user_mechanisms",,,links,,no,no,,,,,,,,no,,app_pharus.user_mechanisms.id,user_mechanisms,id,mecanismos vinculados no app pharus|total de sugestoes no app pharus|total de sugestões no app pharus|quantas sugestoes de mecanismos no app pharus|quantas sugestões de mecanismos no app pharus|quantos mecanismos estao sugeridos no app pharus|quantos mecanismos estão sugeridos no app pharus,Presente na V1 e ausente do CSV Dash Kids; não promovida na V2.,,,,yes,no,portal-metric-catalog.mjs#pharus_total_suggestions
pharus_users_with_suggestions,Usuários com mecanismos (App Pharus),mechanisms,Implementação de Mecanismos,Usuários distintos com vínculo em user_mechanisms no App Pharus (inclui status suggested). Não é implementação da BASE QV.,count(distinct user_id) em core.user_mechanisms com status suggested,,,users,,no,no,,,,,,,,no,,app_pharus.user_mechanisms.user_id,user_mechanisms,user_id,usuarios com mecanismos no app pharus|usuários com mecanismos no app pharus|quantos usuarios possuem mecanismos no app pharus|quantos usuários possuem mecanismos no app pharus|usuarios com mecanismos sugeridos no app pharus|usuários com mecanismos sugeridos no app pharus|mecanismos sugeridos no app pharus,Presente na V1 e ausente do CSV Dash Kids; não promovida na V2.,,,,yes,no,portal-metric-catalog.mjs#pharus_users_with_suggestions
types_unused,Tipos sem utilização,mechanisms,Implementação de Mecanismos,Tipos do catálogo sem correspondência em client_mecanismos. Não é erro técnico.,catálogo − tipos utilizados,,,mechanisms,Sim,yes,no,,,,,,,,no,,public.mecanismos.id|public.client_mecanismos.mecanismo_id,mecanismos|client_mecanismos,id|mecanismo_id,tipos sem utilizacao|tipos sem utilização|tipos nao utilizados|tipos não utilizados|tipos ainda nao vinculados,"mecanismo_id, client_id, status e catálogo mecanismos.",,,,yes,yes,portal-metric-catalog.mjs#types_unused
types_used,Tipos de mecanismos,mechanisms,Implementação de Mecanismos,Quantidade de tipos do catálogo que já aparecem em pelo menos um cliente (count distinct mecanismo_id com correspondência em public.mecanismos).,count(distinct mecanismo_id) em client_mecanismos ∩ mecanismos.id,,,mechanisms,Sim,yes,no,,,,,,,,no,,public.client_mecanismos.mecanismo_id|public.mecanismos.id,client_mecanismos|mecanismos,mecanismo_id|id,tipos utilizados|tipos de mecanismos usados|quantos tipos de mecanismos estao sendo usados|quantos tipos de mecanismos estão sendo usados|tipos vinculados a clientes,"mecanismo_id, client_id, status e catálogo mecanismos.",,,,yes,yes,portal-metric-catalog.mjs#types_used
attendance_rate,Taxa de comparecimento,meetings,Reuniões,1 − (no-shows ÷ elegíveis). Elegíveis = total − futuras − canceladas. Fonte: meeting_attendance.status (não CSV Marked as No-Show).,1 - (noShows / (totalMeetings - futureMeetings - cancelledMeetings)),,,percent,Sim,yes,no,,,,,,,,no,,public.client_meetings.undefined|public.manual_meetings.undefined|public.meeting_attendance.undefined,client_meetings|manual_meetings|meeting_attendance,,taxa de comparecimento|qual a taxa de comparecimento|comparecimento|taxa de presenca|taxa de presença|o que significa taxa de comparecimento|o que e taxa de comparecimento,meeting_attendance.status,,,,yes,yes,portal-metric-catalog.mjs#attendance_rate
attended_meetings,Comparecimentos,meetings,Reuniões,Elegíveis − no-shows. Presença confirmada em reuniões já ocorridas e não canceladas.,Elegíveis − no-shows. Presença confirmada em reuniões já ocorridas e não canceladas.,,,meetings,,no,no,,,,,,,,no,,,,,comparecimentos|reunioes realizadas|reuniões realizadas|reunioes com comparecimento,Presente na V1 e ausente do CSV Dash Kids; não promovida na V2.,,,,yes,no,portal-metric-catalog.mjs#attended_meetings
average_interval_between_meetings,Intervalo médio entre reuniões,meetings,Reuniões,Média aritmética dos intervalos positivos entre reuniões válidas consecutivas com presença confirmada.,Média dos gaps positivos entre reuniões consecutivas com presença.,,,days,Sim,yes,no,,,,,,,,no,,public.client_meetings.undefined|public.manual_meetings.undefined|public.meeting_attendance.undefined,client_meetings|manual_meetings|meeting_attendance,,intervalo medio entre reunioes|qual o intervalo medio entre reunioes|intervalo medio|intervalo tipico entre reunioes,start_time + meeting_attendance.status,,,,yes,yes,portal-metric-catalog.mjs#average_interval_between_meetings
average_meetings_per_month,Média de reuniões/mês,meetings,Reuniões,"Volume de reuniões dividido por meses — NÃO é média por cliente. A UI usa o divisor do período filtrado quando há período; o payload de meetings.mjs usa monthsBetween(primeira, última) datada. As duas fórmulas ainda divergem.","UI: total / periodMonthDivisor se período ativo; senão total / span(first,last). Backend: analyticMeetings.length / monthsBetween(first,last).",,,meetings_per_month,Sim,yes,no,,,,,,,,no,,public.client_meetings.undefined|public.manual_meetings.undefined|public.meeting_attendance.undefined,client_meetings|manual_meetings|meeting_attendance,,media de reunioes por mes|média de reuniões/mês|media de reunioes/mes|reunioes por mes,"Não unificar UI e backend sem validação humana.,start_time/entryDate",,,,yes,yes,portal-metric-catalog.mjs#average_meetings_per_month
cancelled_meetings_count,Reuniões canceladas,meetings,Reuniões,Reuniões com status cancelada. Não misturar com no-show.,Reuniões com status cancelada. Não misturar com no-show.,,,meetings,,no,no,,,,,,,,no,,,,,quantas reunioes foram canceladas|quantas reuniões foram canceladas|reunioes canceladas|reuniões canceladas,Presente na V1 e ausente do CSV Dash Kids; não promovida na V2.,,,,yes,no,portal-metric-catalog.mjs#cancelled_meetings_count
clients_with_1_2_noshows,Clientes com 1–2 no-shows,meetings,Reuniões,Clientes do recorte com 1 ou 2 faltas.,Clientes do recorte com 1 ou 2 faltas.,,,clients,,no,no,,,,,,,,no,,,,,quantos clientes tiveram entre 1 e 2 no-shows|clientes com 1 a 2 no-shows,Presente na V1 e ausente do CSV Dash Kids; não promovida na V2.,,,,yes,no,portal-metric-catalog.mjs#clients_with_1_2_noshows
clients_with_5_plus_noshows,Clientes com 5 ou mais no-shows,meetings,Reuniões,Clientes do recorte com 5 ou mais faltas.,Clientes do recorte com 5 ou mais faltas.,,,clients,,no,no,,,,,,,,no,,,,,quantos tiveram 5 ou mais no-shows|clientes com 5 ou mais faltas,Presente na V1 e ausente do CSV Dash Kids; não promovida na V2.,,,,yes,no,portal-metric-catalog.mjs#clients_with_5_plus_noshows
clients_with_first_meeting,Clientes com primeira reunião,meetings,Reuniões,"Clientes com primeira reunião realizada (fonte principal BASE QV, com fallback Airtable quando disponível).","Clientes com primeira reunião realizada (fonte principal BASE QV, com fallback Airtable quando disponível).",,,clients,,no,no,,,,,,,,no,,,,,cobertura da primeira reuniao|quantos tem primeira reuniao|clientes com primeira reuniao,Presente na V1 e ausente do CSV Dash Kids; não promovida na V2.,,,,yes,no,portal-metric-catalog.mjs#clients_with_first_meeting
clients_with_meeting,Clientes com reunião,meetings,Reuniões,Clientes distintos com pelo menos uma reunião válida registrada no recorte.,Classifica a carteira por presença de reunião válida.,,,clients,Avaliar,no,no,,,,,,,,no,,public.client_meetings.undefined|public.manual_meetings.undefined|public.meeting_attendance.undefined,client_meetings|manual_meetings|meeting_attendance,,clientes com reuniao|quantos clientes possuem alguma reuniao|clientes com pelo menos uma reuniao|quantos clientes tem reuniao,"Clientes sem registros de reunião,client_meetings/manual_meetings",,,,yes,no,portal-metric-catalog.mjs#clients_with_meeting
clients_with_zero_noshows,Clientes sem no-show,meetings,Reuniões,Clientes do recorte classificados na faixa 0 no-shows.,Clientes do recorte classificados na faixa 0 no-shows.,,,clients,,no,no,,,,,,,,no,,,,,quantos clientes nao tiveram no-show|clientes com 0 no-shows|clientes sem falta,Presente na V1 e ausente do CSV Dash Kids; não promovida na V2.,,,,yes,no,portal-metric-catalog.mjs#clients_with_zero_noshows
days_since_last_meeting_chart,Dias desde a última reunião,meetings,Reuniões,Distribuição dos dias desde a última reunião válida.,"Hoje menos a última reunião válida por cliente, em faixas.",,,clients,Avaliar,no,no,,,,,,,,no,,,,,,"Data, vínculo do cliente e presença quando aplicável.",,,,yes,no,confiabilidade-indicadores - Página1 (1).csv | Reuniões | Dias desde a última reunião | Gráfico
days_since_latest_meeting,Dias desde a última reunião,meetings,Reuniões,"Hoje − MAXDATE de reunião válida do recorte (número principal do card). Futuras, canceladas, inválidas e pré-entrada não definem o MAXDATE. A nota do card também mostra mediana/média por cliente.",Hoje menos a última reunião válida.,,,days,Sim,yes,no,,,,,,,,no,,public.client_meetings.undefined|public.manual_meetings.undefined|public.meeting_attendance.undefined,client_meetings|manual_meetings|meeting_attendance,,dias desde a ultima reuniao|dias sem reuniao|recencia da ultima reuniao,client_meetings.start_time,,,,yes,yes,portal-metric-catalog.mjs#days_since_latest_meeting
eligible_meetings,Reuniões elegíveis,meetings,Reuniões,Total analítico − futuras − canceladas. Denominador das taxas de comparecimento e no-show.,totalMeetings - futureMeetings - cancelledMeetings,,,meetings,,no,no,,,,,,,,no,,,,,reunioes elegiveis|reuniões elegíveis|elegiveis para comparecimento,Presente na V1 e ausente do CSV Dash Kids; não promovida na V2.,,,,yes,no,portal-metric-catalog.mjs#eligible_meetings
first_meeting_airtable_fallback,Primeiras reuniões via fallback Airtable,meetings,Reuniões,Clientes cuja primeira reunião veio do backup Airtable (somente quando a fonte principal não tinha data válida).,Clientes cuja primeira reunião veio do backup Airtable (somente quando a fonte principal não tinha data válida).,,,clients,,no,no,,,,,,,,no,,,,,quantas primeiras reunioes vieram do fallback do airtable|fallback airtable primeira reuniao|primeiras reunioes airtable,Presente na V1 e ausente do CSV Dash Kids; não promovida na V2.,,,,yes,no,portal-metric-catalog.mjs#first_meeting_airtable_fallback
future_meetings,Reuniões futuras,meetings,Reuniões,Reuniões com start_time posterior a agora (UTC no dashboard de Reuniões).,Reuniões com start_time posterior a agora (UTC no dashboard de Reuniões).,,,meetings,,no,no,,,,,,,,no,,,,,reunioes futuras|reuniões futuras|agendadas no futuro,Presente na V1 e ausente do CSV Dash Kids; não promovida na V2.,,,,yes,no,portal-metric-catalog.mjs#future_meetings
meeting_frequency_chart,Frequência por cliente,meetings,Reuniões,Distribuição de clientes pela quantidade de reuniões válidas.,Conta reuniões válidas por cliente e agrupa em faixas.,,,clients,Avaliar,no,no,,,,,,,,no,,,,,,"Data, vínculo do cliente e presença quando aplicável.",,,,yes,no,confiabilidade-indicadores - Página1 (1).csv | Reuniões | Frequência por cliente | Gráfico
meeting_interval_chart,Intervalo médio entre reuniões,meetings,Reuniões,Distribuição do intervalo médio entre presenças confirmadas.,Mesma lógica do cartão de intervalo; só gaps positivos com presença.,,,clients,Sim,yes,no,,,,,,,,no,,,,,,"Se tratando de média, temos uma boa amostragem,Data, vínculo do cliente e presença quando aplicável.",,,,yes,yes,confiabilidade-indicadores - Página1 (1).csv | Reuniões | Intervalo médio entre reuniões | Gráfico
meeting_status_chart,Status das reuniões,meetings,Reuniões,"Distribuição de presença: compareceu, no-show, cancelada ou sem confirmação.",Classifica reuniões analíticas pelo status de attendance.,,,meetings,Sim,yes,no,,,,,,,,no,,,,,,"Data, vínculo do cliente e presença quando aplicável.",,,,yes,yes,confiabilidade-indicadores - Página1 (1).csv | Reuniões | Status das reuniões | Gráfico
meetings_by_engineer_chart,Reuniões por Engenheiro Patrimonial,meetings,Reuniões,Reuniões do recorte por engenheiro patrimonial.,Soma reuniões válidas agrupadas pelo EP do cliente.,,,meetings,Sim,yes,no,,,,,,,,no,,,,,,"Data, vínculo do cliente e presença quando aplicável.",,,,yes,yes,confiabilidade-indicadores - Página1 (1).csv | Reuniões | Reuniões por Engenheiro Patrimonial | Gráfico
meetings_by_month_chart,Reuniões por mês,meetings,Reuniões,Reuniões agendadas e realizadas por mês no recorte.,Conta eventos válidos por mês; meses futuros não entram.,,,meetings,Sim,yes,no,,,,,,,,no,,,,,,"Data, vínculo do cliente e presença quando aplicável.",,,,yes,yes,confiabilidade-indicadores - Página1 (1).csv | Reuniões | Reuniões por mês | Gráfico
no_show_meetings,Total de no-shows,meetings,Reuniões,"Reuniões já ocorridas, não canceladas, com meeting_attendance.status = não compareceu.",No-show entre reuniões elegíveis.,,,meetings,Sim,yes,no,,,,,,,,no,,public.meeting_attendance.status,meeting_attendance,status,reunioes com no-show|total de no-shows|no-shows|faltas em reunioes|quantos no-shows,meeting_attendance.status,,,,yes,yes,portal-metric-catalog.mjs#no_show_meetings
no_show_rate,Taxa de no-show,meetings,Reuniões,no-shows ÷ reuniões elegíveis (total − futuras − canceladas).,no-shows ÷ reuniões elegíveis (total − futuras − canceladas).,,,percent,,no,no,,,,,,,,no,,,,,taxa de no-show|qual a taxa de no-show|percentual de no-show,Presente na V1 e ausente do CSV Dash Kids; não promovida na V2.,,,,yes,no,portal-metric-catalog.mjs#no_show_rate
noshow_frequency_chart,Frequência de no-show por cliente,meetings,Reuniões,Clientes do recorte por quantidade de no-shows.,Conta faltas elegíveis por cliente. Pode distorcer se o EP não registrar no-show.,,,clients,Avaliar,no,no,,,,,,,,no,,,,,,"Número pode ter distorção, caso o EP não marcou no-show no app,Data, vínculo do cliente e presença quando aplicável.",,,,yes,no,confiabilidade-indicadores - Página1 (1).csv | Reuniões | Frequência de no-show por cliente | Gráfico
top_meeting_types,Reuniões por tipo,meetings,Reuniões,"Distribuição exclusiva de Agendamentos.calendly_eventos (Business Data) no gráfico Reuniões por tipo, via meeting-types-calendly.mjs. Não altera KPIs operacionais. Há CSV legado; a fonte canônica da tela é o código atual, sem migração nesta etapa.",Distribuição da amostra válida do indicador.,,,meetings,Sim,yes,no,,,,,,,,no,,Agendamentos.calendly_eventos.undefined,calendly_eventos,,quais tipos de reuniao sao mais frequentes|quais tipos de reunião são mais frequentes|tipos de reuniao mais frequentes|tipos de reunião mais frequentes,"Fonte exclusiva: Business Data · Agendamentos.calendly_eventos (exclui grupo Comercial).,Considerando direto do Caledly - confiável,event_uuid, group_name e tipo do evento no Business Data.",,,,yes,yes,portal-metric-catalog.mjs#top_meeting_types
total_meeting_reschedules,Remarcações,meetings,Reuniões,Total de remarcações estruturadas (meeting_attendance.remarcado). Cobertura parcial: pode não representar o total real.,Contagem de remarcado nos eventos válidos.,,,meetings,Sim,yes,no,,,,,,,,no,,public.client_meetings.undefined|public.manual_meetings.undefined|public.meeting_attendance.undefined,client_meetings|manual_meetings|meeting_attendance,,quantas remarcacoes|total de remarcacoes|reunioes remarcadas,"Cobertura parcial dos dados estruturados de remarcações.,meeting_attendance.remarcado",,,,yes,yes,portal-metric-catalog.mjs#total_meeting_reschedules
total_meetings,Total de reuniões,meetings,Reuniões,Contagem de reuniões analíticas no recorte (client_meetings + manual_meetings). Exclui anteriores à entrada do cliente e inválidas. Não é média por cliente. Não usa o gráfico de tipos Calendly.,count reuniões analíticas no recorte filtrado,,,meetings,Sim,yes,no,,,,,,,,no,,public.client_meetings.id|public.manual_meetings.id,client_meetings|manual_meetings,id|id,total de reunioes|total de reuniões|quantidade de reunioes|quantidade de reuniões|quantas reunioes|quantas reuniões|numero de reunioes|quantas reuniões temos?|qual o total de reuniões?,entryDate/start_time,,,,yes,yes,portal-metric-catalog.mjs#total_meetings
plan_approved_clients,Plano aprovado,patrimonial_plan,Plano Patrimonial,Proxy: clientes distintos com ≥1 reunião Central de Inteligência. Não representa aprovação formal.,Proxy por reunião Central de Inteligência.,,,clients,Recomendação: Não Levar,no,no,,,,,,,,no,,public.client_meetings.event_name,client_meetings,event_name,plano aprovado|planos aprovados,client_meetings.event_name Central de Inteligência (proxy),,,,yes,no,portal-metric-catalog.mjs#plan_approved_clients
plan_baseqv_clients,Clientes BASE QV,patrimonial_plan,Plano Patrimonial,Distinct clients.id na tela Plano Patrimonial.,Distinct clients.id na tela Plano Patrimonial.,,,clients,,no,no,,,,,,,,no,,public.clients.id,clients,id,clientes base qv|clientes na base do plano,"computePatrimonialPlanPayload não é exportado; valor ao vivo fica para etapa posterior.,Presente na V1 e ausente do CSV Dash Kids; não promovida na V2.",,,,yes,no,portal-metric-catalog.mjs#plan_baseqv_clients
plan_days_to_approval,Dias até aprovação,patrimonial_plan,Plano Patrimonial,Proxy: diferença não negativa contratação → última reunião Central. Não é aprovação formal.,Média de intervalos não negativos contratação → última reunião Central.,,,days,Sim,yes,no,,,,,,,,no,,public.clients.undefined|public.client_meetings.undefined,clients|client_meetings,,dias ate aprovacao|tempo ate aprovacao do plano,"Se tratando de média, temos uma boa amostragem,data de contratação e data da reunião Central",,,,yes,yes,portal-metric-catalog.mjs#plan_days_to_approval
plan_delivered_meetings,Plano entregue,patrimonial_plan,Plano Patrimonial,"Proxy: CONTAGEM DE REUNIÕES cujo event_name contém “central de inteligencia”, não contagem de clientes. Não é aprovação formal.",count client_meetings where event_name ILIKE central de inteligencia,,,meetings,,no,no,,,,,,,,no,,public.client_meetings.event_name,client_meetings,event_name,planos entregues|plano entregue|reunioes central de inteligencia|quantos planos foram entregues,"Proxy de reunião; validar com negócio se o nome “plano entregue” é aceitável.,Presente na V1 e ausente do CSV Dash Kids; não promovida na V2.",,,,yes,no,portal-metric-catalog.mjs#plan_delivered_meetings
plan_status_chart,Status do plano,patrimonial_plan,Plano Patrimonial,Distribuição por presença de reunião Central de Inteligência (proxy de status do plano).,Classifica clientes segundo reunião Central. Indicador não levado na V2.,,,clients,Recomendação: Não Levar,no,no,,,,,,,,no,,public.client_meetings.undefined,client_meetings,,,client_meetings.event_name e datas da reunião.,,,,yes,no,confiabilidade-indicadores - Página1 (1).csv | Plano Patrimonial | Status do plano | Gráfico
platform_pharus_users,Usuários App Pharus,platform_usage,Uso da Plataforma,Distinct user_id em metrics.events (App Pharus). Fonte não validada no MCP BASE QV.,Distinct user_id em metrics.events (App Pharus). Fonte não validada no MCP BASE QV.,,,users,,no,no,,,,,,,,no,,metrics.events.metadata.user_id,events,metadata.user_id,usuarios app pharus|usuarios da plataforma|uso da plataforma|o que e uso da plataforma|quantos usuarios app pharus,Presente na V1 e ausente do CSV Dash Kids; não promovida na V2.,,,,yes,no,portal-metric-catalog.mjs#platform_pharus_users
platform_session_duration,Tempo médio de sessão,platform_usage,Uso da Plataforma,Card da UI exibe “Sem Dados” — sem base confiável.,Card da UI exibe “Sem Dados” — sem base confiável.,,,minutes,,no,no,,,,,,,,no,,,,,tempo medio de sessao|duracao de sessao,Presente na V1 e ausente do CSV Dash Kids; não promovida na V2.,,,,yes,no,portal-metric-catalog.mjs#platform_session_duration
platform_users_with_login,Realizaram login,platform_usage,Uso da Plataforma,Usuários App Pharus com histórico de login. Fonte metrics.events.,Usuários App Pharus com histórico de login. Fonte metrics.events.,,,users,,no,no,,,,,,,,no,,metrics.events.event_name,events,event_name,realizaram login|usuarios com login|logins da plataforma,Presente na V1 e ausente do CSV Dash Kids; não promovida na V2.,,,,yes,no,portal-metric-catalog.mjs#platform_users_with_login
quality_column_fill,Preenchimento por coluna,quality,Qualidade dos Dados,"Para cada coluna auditada: preenchidos vs linhas da tabela, com filtros de domínio e faixa de preenchimento.","Para cada coluna auditada: preenchidos vs linhas da tabela, com filtros de domínio e faixa de preenchimento.",,,percent,,no,no,,,,,,,,no,,,,,preenchimento por coluna|coluna vazia|ausencia de campo,Presente na V1 e ausente do CSV Dash Kids; não promovida na V2.,,,,yes,no,portal-metric-catalog.mjs#quality_column_fill
quality_overall_completeness,Completude geral,quality,Qualidade dos Dados,Percentual de células preenchidas sobre todas as células auditadas na tela Qualidade (não é NPS). Completude de coluna = não nulo/vazio ÷ linhas da tabela.,Percentual de células preenchidas sobre todas as células auditadas na tela Qualidade (não é NPS). Completude de coluna = não nulo/vazio ÷ linhas da tabela.,,,percent,,no,no,,,,,,,,no,,,,,completude geral|preenchimento dos dados|qualidade dos dados|cobertura de preenchimento,Presente na V1 e ausente do CSV Dash Kids; não promovida na V2.,,,,yes,no,portal-metric-catalog.mjs#quality_overall_completeness
max_current_cycle,Maior ciclo atual,renewal,Renovação,Máximo de clients.ciclo no recorte.,Máximo de clients.ciclo no recorte.,,,cycles,,no,no,,,,,,,,no,,public.clients.ciclo,clients,ciclo,maior ciclo atual|ciclo maximo,Presente na V1 e ausente do CSV Dash Kids; não promovida na V2.,,,,yes,no,portal-metric-catalog.mjs#max_current_cycle
non_renewed_clients,Não renovaram (ciclo 1),renewal,Renovação,Clientes com ciclo = 1 (ainda no primeiro ciclo). Ciclo null/≤0 é inválido e não entra. Não usar este recorte como preditor se o desfecho da análise for a própria renovação.,count clientes com ciclo === 1,,,clients,,no,no,,,,,,,,no,,public.clients.ciclo,clients,ciclo,nao renovaram|não renovaram|clientes nao renovados|clientes não renovados|quantos nao renovaram|nao renovados|os nao renovados|e os nao renovados,Presente na V1 e ausente do CSV Dash Kids; não promovida na V2.,,,,yes,no,portal-metric-catalog.mjs#non_renewed_clients
renewal_on_time,Renovou no prazo?,renewal,Renovação,Sem dado — falta fim do ciclo anterior e data de renovação.,Sem dado — falta fim do ciclo anterior e data de renovação.,,,,,no,no,,,,,,,,no,,,,,renovou no prazo,Presente na V1 e ausente do CSV Dash Kids; não promovida na V2.,,,,yes,no,portal-metric-catalog.mjs#renewal_on_time
renewal_rate,Taxa de renovação (ciclo > 1),renewal,Renovação,Percentual descritivo: clientes com ciclo > 1 sobre clientes com ciclo ≥ 1. Não é taxa contratual formal nem evento de renovação. Não usar ciclo como variável explicativa se o desfecho for renovação (leakage).,100 * count(ciclo>1) / count(ciclo>=1),,,percent,,no,no,,,,,,,,no,,public.clients.ciclo,clients,ciclo,taxa de renovacao|percentual renovado|percentual de renovacao,Presente na V1 e ausente do CSV Dash Kids; não promovida na V2.,,,,yes,no,portal-metric-catalog.mjs#renewal_rate
renewal_time_to_renew,Tempo até renovação,renewal,Renovação,Sem dado — não há histórico do primeiro ciclo/evento real.,Sem dado — não há histórico do primeiro ciclo/evento real.,,,days,,no,no,,,,,,,,no,,,,,tempo ate renovacao,Presente na V1 e ausente do CSV Dash Kids; não promovida na V2.,,,,yes,no,portal-metric-catalog.mjs#renewal_time_to_renew
renewal_value,Valor da renovação,renewal,Renovação,Sem dado. clients.valor_total_pago não é valor de renovação.,Sem dado. clients.valor_total_pago não é valor de renovação.,,,,,no,no,,,,,,,,no,,,,,valor da renovacao,Presente na V1 e ausente do CSV Dash Kids; não promovida na V2.,,,,yes,no,portal-metric-catalog.mjs#renewal_value
renewed_clients,Renovaram,renewal,Renovação,hasRenewed = clients.ciclo > 1. Ciclo null/≤0 é inválido (não conta como renovado). Tela reusa /api/general-data.,count clientes com ciclo > 1,,,clients,,no,no,,,,,,,,no,,public.clients.ciclo,clients,ciclo,renovaram|clientes renovados|quantos renovaram|quantos clientes renovaram|ciclo maior que 1|renovacao|o que e renovacao|o que significa renovacao,Presente na V1 e ausente do CSV Dash Kids; não promovida na V2.,,,,yes,no,portal-metric-catalog.mjs#renewed_clients
total_renewals,Quantidade de renovações,renewal,Renovação,"Soma de max(ciclo − 1, 0) por cliente. Não é histórico de eventos de renovação.","Soma de max(ciclo − 1, 0) por cliente. Não é histórico de eventos de renovação.",,,renewals,,no,no,,,,,,,,no,,public.clients.ciclo,clients,ciclo,quantidade de renovacoes|total de renovacoes|soma das renovacoes,Presente na V1 e ausente do CSV Dash Kids; não promovida na V2.,,,,yes,no,portal-metric-catalog.mjs#total_renewals
nps_official_coverage,Cobertura NPS oficial,satisfaction,Pesquisa de Satisfação,Percentual da carteira do EP com última resposta NPS válida (helper oficial).,Percentual da carteira do EP com última resposta NPS válida (helper oficial).,,,percent,,no,no,,,,,,,,no,,public.nps_responses.score,nps_responses,score,cobertura nps|cobertura da carteira nps|qual a cobertura do nps|cobertura do nps,Presente na V1 e ausente do CSV Dash Kids; não promovida na V2.,,,,yes,no,portal-metric-catalog.mjs#nps_official_coverage
nps_official_detractors,Detratores NPS (oficial),satisfaction,Pesquisa de Satisfação,Última nota válida ≤6 por cliente no helper nps-metrics.mjs.,Última nota válida ≤6 por cliente no helper nps-metrics.mjs.,,,clients,,no,no,,,,,,,,no,,public.nps_responses.score,nps_responses,score,detratores nps|quantos sao detratores|detratores,Presente na V1 e ausente do CSV Dash Kids; não promovida na V2.,,,,yes,no,portal-metric-catalog.mjs#nps_official_detractors
nps_official_index,NPS oficial (helper),satisfaction,Pesquisa de Satisfação,"Helper nps-metrics.mjs: última resposta válida 0–10 por client_id (submitted_at, depois created_at); ignora tipo_de_forms que não começa com NPS. Promotor ≥9, neutro 7–8, detrator ≤6. Índice = %P − %D. EP oculta amostra <5 ou cobertura <20%. Análises Estatísticas preditivas excluem NPS pós-cancelamento.","Helper nps-metrics.mjs: última resposta válida 0–10 por client_id (submitted_at, depois created_at); ignora tipo_de_forms que não começa com NPS. Promotor ≥9, neutro 7–8, detrator ≤6. Índice = %P − %D. EP oculta amostra <5 ou cobertura <20%. Análises Estatísticas preditivas excluem NPS pós-cancelamento.",,,nps_index,,no,no,,,,,,,,no,,public.nps_responses.score,nps_responses,score,nps oficial|indice nps oficial|nps ultima resposta por cliente|como e calculado o nps|como calculam o nps|o que e nps|onde vejo nps|onde encontro nps,Presente na V1 e ausente do CSV Dash Kids; não promovida na V2.,,,,yes,no,portal-metric-catalog.mjs#nps_official_index
nps_official_passives,Neutros NPS (oficial),satisfaction,Pesquisa de Satisfação,Última nota válida 7–8 por cliente no helper nps-metrics.mjs.,Última nota válida 7–8 por cliente no helper nps-metrics.mjs.,,,clients,,no,no,,,,,,,,no,,public.nps_responses.score,nps_responses,score,neutros nps|passivos nps|quantos sao neutros no nps,Presente na V1 e ausente do CSV Dash Kids; não promovida na V2.,,,,yes,no,portal-metric-catalog.mjs#nps_official_passives
nps_official_promoters,Promotores NPS (oficial),satisfaction,Pesquisa de Satisfação,Última nota válida ≥9 por cliente no helper nps-metrics.mjs. Não é a regra da tela Pesquisa de Satisfação.,Última nota válida ≥9 por cliente no helper nps-metrics.mjs. Não é a regra da tela Pesquisa de Satisfação.,,,clients,,no,no,,,,,,,,no,,public.nps_responses.score,nps_responses,score,quantos sao promotores|promotores nps|promotores|clientes promotores,Presente na V1 e ausente do CSV Dash Kids; não promovida na V2.,,,,yes,no,portal-metric-catalog.mjs#nps_official_promoters
nps_official_responses,Respostas NPS oficiais,satisfaction,Pesquisa de Satisfação,Número de clientes com última resposta NPS válida 0–10 no helper nps-metrics.mjs (payload de Performance do EP). Não usa a regra da tela Pesquisa de Satisfação.,Número de clientes com última resposta NPS válida 0–10 no helper nps-metrics.mjs (payload de Performance do EP). Não usa a regra da tela Pesquisa de Satisfação.,,,responses,,no,no,,,,,,,,no,,public.nps_responses.score,nps_responses,score,quantos responderam nps|quantos responderam|e quantos responderam|respostas nps|clientes com nps,Presente na V1 e ausente do CSV Dash Kids; não promovida na V2.,,,,yes,no,portal-metric-catalog.mjs#nps_official_responses
satisfaction_ces,CES,satisfaction,Pesquisa de Satisfação,Sem campo estruturado identificado. Card da UI: Sem dado.,Sem campo estruturado identificado. Card da UI: Sem dado.,,,score,,no,no,,,,,,,,no,,,,,ces|customer effort score|esforco do cliente,Presente na V1 e ausente do CSV Dash Kids; não promovida na V2.,,,,yes,no,portal-metric-catalog.mjs#satisfaction_ces
satisfaction_csat_average,CSAT médio,satisfaction,Pesquisa de Satisfação,Média de csat_responses.score com tipo_de_forms contendo “csat”; notas >5 truncadas para 5. Satisfeito = nota igual a 5.,Média de csat_responses.score com tipo_de_forms contendo “csat”; notas >5 truncadas para 5. Satisfeito = nota igual a 5.,,,score,,no,no,,,,,,,,no,,public.csat_responses.score,csat_responses,score,csat medio|csat|satisfacao csat,Presente na V1 e ausente do CSV Dash Kids; não promovida na V2.,,,,yes,no,portal-metric-catalog.mjs#satisfaction_csat_average
satisfaction_nps_index,NPS (tela Pesquisa de Satisfação),satisfaction,Pesquisa de Satisfação,"Índice %promotores − %detratores sobre TODAS as notas válidas 0–10 em nps_responses (dedupe typeform_response_id/id), usando created_at. NÃO usa nps-metrics.mjs (última por cliente / submitted_at / filtro tipo NPS). Não é média da nota.",(% notas ≥9) − (% notas ≤6) em todas as respostas válidas da tela,,,nps_index,,no,no,,,,,,,,no,,public.nps_responses.score,nps_responses,score,nps da pesquisa de satisfacao|nps da tela de satisfacao|indice nps satisfacao,"Divergente do helper oficial nps-metrics.mjs usado em EP e Análises Estatísticas.,Presente na V1 e ausente do CSV Dash Kids; não promovida na V2.",,,,yes,no,portal-metric-catalog.mjs#satisfaction_nps_index
sc_active_clients,Clientes ativos (Análises Estatísticas),statistical_crosses,Análises Estatísticas,Status analítico Ativo no recorte da tela de cruzamentos.,Status analítico Ativo no recorte da tela de cruzamentos.,,,clients,,no,no,,,,,,,,no,,,,,ativos nas analises estatisticas,"Métrica derivada — não é coluna física do banco.,Presente na V1 e ausente do CSV Dash Kids; não promovida na V2.",,,,yes,no,portal-metric-catalog.mjs#sc_active_clients
sc_auc,AUC ajustada,statistical_crosses,Análises Estatísticas,"Métrica DERIVADA (não é coluna de banco). Univariada: max(AUC, 1−AUC). Não é taxa de acerto de um modelo completo. Arquivo: stats-tests.mjs. Amostra mínima de inferência no backend: 30 (MIN_AUC).","Métrica DERIVADA (não é coluna de banco). Univariada: max(AUC, 1−AUC). Não é taxa de acerto de um modelo completo. Arquivo: stats-tests.mjs. Amostra mínima de inferência no backend: 30 (MIN_AUC).",,,auc,,no,no,,,,,,,,no,,,,,auc|auc ajustada|area sob a curva,"Métrica derivada — não é coluna física do banco.,Presente na V1 e ausente do CSV Dash Kids; não promovida na V2.",,,,yes,no,portal-metric-catalog.mjs#sc_auc
sc_cohort,Coorte (payload),statistical_crosses,Análises Estatísticas,"Métrica DERIVADA (não é coluna de banco). Retenção por mês/trimestre de contratação e idade em meses. Permanência cronológica, sem +365. Meses futuros não observáveis ficam vazios. Arquivo: cohort-retention.mjs.","Métrica DERIVADA (não é coluna de banco). Retenção por mês/trimestre de contratação e idade em meses. Permanência cronológica, sem +365. Meses futuros não observáveis ficam vazios. Arquivo: cohort-retention.mjs.",,,,,no,no,,,,,,,,no,,,,,coorte de retencao|coorte|retencao por coorte|cohort,"Métrica derivada — não é coluna física do banco.,Presente na V1 e ausente do CSV Dash Kids; não promovida na V2.",,,,yes,no,portal-metric-catalog.mjs#sc_cohort
sc_confirmed_cancellations,Cancelamentos confirmados na análise,statistical_crosses,Análises Estatísticas,Eventos analíticos (churn/distrato) na população dos cruzamentos.,Eventos analíticos (churn/distrato) na população dos cruzamentos.,,,clients,,no,no,,,,,,,,no,,,,,quantos cancelamentos confirmados entraram na analise|quantos cancelamentos confirmados entraram na análise|cancelamentos confirmados na amostra,"Métrica derivada — não é coluna física do banco.,Presente na V1 e ausente do CSV Dash Kids; não promovida na V2.",,,,yes,no,portal-metric-catalog.mjs#sc_confirmed_cancellations
sc_correlation_matrix,Matriz de correlação,statistical_crosses,Análises Estatísticas,"Métrica DERIVADA (não é coluna de banco). Spearman (padrão) ou Pearson entre variáveis numéricas; pares completos; diagonal = 1. Arquivo: correlation-matrix.mjs. Associação observada, não causalidade.","Métrica DERIVADA (não é coluna de banco). Spearman (padrão) ou Pearson entre variáveis numéricas; pares completos; diagonal = 1. Arquivo: correlation-matrix.mjs. Associação observada, não causalidade.",,,,,no,no,,,,,,,,no,,,,,matriz de correlacao|spearman|correlacao spearman|matriz spearman,"Métrica derivada — não é coluna física do banco.,Presente na V1 e ausente do CSV Dash Kids; não promovida na V2.",,,,yes,no,portal-metric-catalog.mjs#sc_correlation_matrix
sc_cycle1_clients,Clientes ciclo 1,statistical_crosses,Análises Estatísticas,Clientes com ciclo = 1 no recorte estatístico.,Clientes com ciclo = 1 no recorte estatístico.,,,clients,,no,no,,,,,,,,no,,,,,ciclo 1|clientes no primeiro ciclo,"Métrica derivada — não é coluna física do banco.,Presente na V1 e ausente do CSV Dash Kids; não promovida na V2.",,,,yes,no,portal-metric-catalog.mjs#sc_cycle1_clients
sc_discoveries,Principais descobertas,statistical_crosses,Análises Estatísticas,Textos determinísticos com cobertura/amostra suficientes. Não afirmam causalidade. Não são gerados por LLM.,Textos determinísticos com cobertura/amostra suficientes. Não afirmam causalidade. Não são gerados por LLM.,,,list,,no,no,,,,,,,,no,,,,,principais descobertas|descobertas estatisticas,"Métrica derivada — não é coluna física do banco.,Presente na V1 e ausente do CSV Dash Kids; não promovida na V2.",,,,yes,no,portal-metric-catalog.mjs#sc_discoveries
sc_excluded_variables,Variáveis excluídas,statistical_crosses,Análises Estatísticas,Variáveis não analisadas e motivo.,Variáveis não analisadas e motivo.,,,label,,no,no,,,,,,,,no,,,,,quais variaveis foram excluidas por baixa cobertura|quais variáveis foram excluídas por baixa cobertura|variaveis excluidas|variáveis excluídas,"Métrica derivada — não é coluna física do banco.,Presente na V1 e ausente do CSV Dash Kids; não promovida na V2.",,,,yes,no,portal-metric-catalog.mjs#sc_excluded_variables
sc_income_diff,Diferença de renda ativos vs cancelados,statistical_crosses,Análises Estatísticas,Diferença de medianas de renda entre grupos.,Diferença de medianas de renda entre grupos.,,,association,,no,no,,,,,,,,no,,,,,qual a diferenca de renda entre ativos e cancelados|qual a diferença de renda entre ativos e cancelados|renda ativos e cancelados,"Métrica derivada — não é coluna física do banco.,Presente na V1 e ausente do CSV Dash Kids; não promovida na V2.",,,,yes,no,portal-metric-catalog.mjs#sc_income_diff
sc_lift,Lift,statistical_crosses,Análises Estatísticas,Métrica DERIVADA em análises exploratórias. Denominador específico da regra ainda merece validação humana para verbalização de valor. Não é coluna de banco.,Métrica DERIVADA em análises exploratórias. Denominador específico da regra ainda merece validação humana para verbalização de valor. Não é coluna de banco.,,,ratio,,no,no,,,,,,,,no,,,,,lift|lift estatistico,"Métrica derivada — não é coluna física do banco.,Presente na V1 e ausente do CSV Dash Kids; não promovida na V2.",,,,yes,no,portal-metric-catalog.mjs#sc_lift
sc_median_survival,Mediana de sobrevivência,statistical_crosses,Análises Estatísticas,"Tempo em que a curva KM atinge 50%, se atingido. Derivado; permanência cronológica.","Tempo em que a curva KM atinge 50%, se atingido. Derivado; permanência cronológica.",,,days,,no,no,,,,,,,,no,,,,,mediana de sobrevivencia|tempo mediano de permanencia km,"Métrica derivada — não é coluna física do banco.,Presente na V1 e ausente do CSV Dash Kids; não promovida na V2.",,,,yes,no,portal-metric-catalog.mjs#sc_median_survival
sc_meetings_vs_cancel,Reuniões e cancelamento,statistical_crosses,Análises Estatísticas,Diferença observada entre clientes com e sem reuniões.,Diferença observada entre clientes com e sem reuniões.,,,association,,no,no,,,,,,,,no,,,,,clientes com reunioes cancelam menos|clientes com reuniões cancelam menos|reunioes e cancelamento|reuniões e cancelamento,"Métrica derivada — não é coluna física do banco.,Presente na V1 e ausente do CSV Dash Kids; não promovida na V2.",,,,yes,no,portal-metric-catalog.mjs#sc_meetings_vs_cancel
sc_nps,NPS nos cruzamentos,statistical_crosses,Análises Estatísticas,Índice NPS e associação com cancelamento (respostas após churn excluídas). Não é média da nota.,% promotores − % detratores,,,index,,no,no,,,,,,,,no,,public.nps_responses.score,nps_responses,score,nps versus cancelamento|associacao nps churn|associação nps churn|promotores e detratores,"Métrica derivada — não é coluna física do banco.,Presente na V1 e ausente do CSV Dash Kids; não promovida na V2.",,,,yes,no,portal-metric-catalog.mjs#sc_nps
sc_nps_responses,Respostas NPS válidas (cruzamentos),statistical_crosses,Análises Estatísticas,Última resposta 0–10 por cliente via helper oficial; preditivo exclui NPS pós-cancelamento.,Última resposta 0–10 por cliente via helper oficial; preditivo exclui NPS pós-cancelamento.,,,responses,,no,no,,,,,,,,no,,,,,respostas nps validas|cobertura nps estatistica,"Métrica derivada — não é coluna física do banco.,Presente na V1 e ausente do CSV Dash Kids; não promovida na V2.",,,,yes,no,portal-metric-catalog.mjs#sc_nps_responses
sc_renewed_clients,Clientes renovados (Análises Estatísticas),statistical_crosses,Análises Estatísticas,ciclo > 1 no universo da tela. O card pode incluir congelados; não usar ciclo como preditor se o desfecho da análise for a própria renovação (leakage).,ciclo > 1 no universo da tela. O card pode incluir congelados; não usar ciclo como preditor se o desfecho da análise for a própria renovação (leakage).,,,clients,,no,no,,,,,,,,no,,,,,renovados nas analises estatisticas|clientes renovados na analise estatistica,"Métrica derivada — não é coluna física do banco.,Presente na V1 e ausente do CSV Dash Kids; não promovida na V2.",,,,yes,no,portal-metric-catalog.mjs#sc_renewed_clients
sc_segment_cancel,Cancelamento por segmento,statistical_crosses,Análises Estatísticas,Percentual cancelado confirmado por segmento do portal.,Percentual cancelado confirmado por segmento do portal.,,,percent,,no,no,,,,,,,,no,,,,,qual segmento possui maior percentual cancelado|cancelamento por segmento|percentual cancelado por segmento,"Métrica derivada — não é coluna física do banco.,Presente na V1 e ausente do CSV Dash Kids; não promovida na V2.",,,,yes,no,portal-metric-catalog.mjs#sc_segment_cancel
sc_standardized_diff,Diferença padronizada,statistical_crosses,Análises Estatísticas,Métrica DERIVADA (não é coluna de banco). Compara grupos (ex.: ativos vs cancelados) em escala comum. Positivo no cancelamento = maior entre cancelados. Não é causalidade.,Métrica DERIVADA (não é coluna de banco). Compara grupos (ex.: ativos vs cancelados) em escala comum. Positivo no cancelamento = maior entre cancelados. Não é causalidade.,,,std_diff,,no,no,,,,,,,,no,,,,,diferenca padronizada|efeito padronizado,"Métrica derivada — não é coluna física do banco.,Presente na V1 e ausente do CSV Dash Kids; não promovida na V2.",,,,yes,no,portal-metric-catalog.mjs#sc_standardized_diff
sc_survival,Curva de permanência,statistical_crosses,Análises Estatísticas,Métrica DERIVADA (não é coluna de banco). Kaplan–Meier: evento = cancelamento efetivado COM data; censura = data de corte (America/Sao_Paulo). Usa permanência CRONOLÓGICA (sem +365). Probabilidade de permanência ≠ percentual de ativos.,Métrica DERIVADA (não é coluna de banco). Kaplan–Meier: evento = cancelamento efetivado COM data; censura = data de corte (America/Sao_Paulo). Usa permanência CRONOLÓGICA (sem +365). Probabilidade de permanência ≠ percentual de ativos.,,,probability,,no,no,,,,,,,,no,,,,,como esta a curva de permanencia|como está a curva de permanência|sobrevivencia|sobrevivência|kaplan meier|curva de sobrevivencia,"Métrica derivada — não é coluna física do banco.,Presente na V1 e ausente do CSV Dash Kids; não promovida na V2.",,,,yes,no,portal-metric-catalog.mjs#sc_survival
sc_top_association,Variáveis mais associadas ao cancelamento,statistical_crosses,Análises Estatísticas,Maior magnitude de associação observada (não causalidade).,Maior magnitude de associação observada (não causalidade).,,,association,,no,no,,,,,,,,no,,,,,quais variaveis tem maior associacao com cancelamento|quais variáveis têm maior associação com cancelamento|associacao com cancelamento|associação com cancelamento,"Métrica derivada — não é coluna física do banco.,Presente na V1 e ausente do CSV Dash Kids; não promovida na V2.",,,,yes,no,portal-metric-catalog.mjs#sc_top_association
sc_top_auc,Maior AUC individual,statistical_crosses,Análises Estatísticas,"Maior AUC ajustada entre variáveis elegíveis — poder discriminativo, não precisão.","Maior AUC ajustada entre variáveis elegíveis — poder discriminativo, não precisão.",,,auc,,no,no,,,,,,,,no,,,,,maior auc|melhor auc individual,"Métrica derivada — não é coluna física do banco.,Presente na V1 e ausente do CSV Dash Kids; não promovida na V2.",,,,yes,no,portal-metric-catalog.mjs#sc_top_auc
identified_support_clients,Clientes identificados,support,Acionamentos,Quantidade de clientes distintos (baseqv_client_id) identificados na BASE QV via research.v_acionamentos_tratados.,count(distinct baseqv_client_id),,,clients,,no,no,,,,,,,,no,,research.v_acionamentos_tratados.baseqv_client_id,v_acionamentos_tratados,baseqv_client_id,quantos clientes distintos tiveram acionamentos|quantos clientes foram identificados|clientes identificados|clientes distintos com acionamentos,Presente na V1 e ausente do CSV Dash Kids; não promovida na V2.,,,,yes,no,portal-metric-catalog.mjs#identified_support_clients
median_resolution_time,Tempo típico de resolução,support,Acionamentos,Mediana em horas entre abertura e resolução (não calculável sem resolvidos válidos).,median(resolutionHours) com datas válidas,,,hours,,no,no,,,,,,,,no,,research.acionamentos.data_abertura|research.acionamentos.resolved_at,acionamentos|acionamentos,data_abertura|resolved_at,tempo tipico de resolucao|tempo típico de resolução|mediana de resolucao|por que o tempo de resolucao nao e calculavel|por que o tempo de resolução não é calculável,Presente na V1 e ausente do CSV Dash Kids; não promovida na V2.,,,,yes,no,portal-metric-catalog.mjs#median_resolution_time
open_support_tickets,Acionamentos abertos,support,Acionamentos,Acionamentos ainda sem resolução (status novo/aberto/pendente/em andamento).,isOpen === true,,,tickets,,no,no,,,,,,,,no,,research.acionamentos.status,acionamentos,status,quantos estao abertos|quantos estão abertos|acionamentos abertos|chamados abertos|quantos acionamentos abertos,Presente na V1 e ausente do CSV Dash Kids; não promovida na V2.,,,,yes,no,portal-metric-catalog.mjs#open_support_tickets
resolution_rate,Taxa de resolução,support,Acionamentos,Percentual de acionamentos já finalizados.,resolvedTickets / totalTickets,,,percent,,no,no,,,,,,,,no,,research.acionamentos.resolved_at,acionamentos,resolved_at,taxa de resolucao|taxa de resolução|percentual resolvido,Presente na V1 e ausente do CSV Dash Kids; não promovida na V2.,,,,yes,no,portal-metric-catalog.mjs#resolution_rate
resolved_support_tickets,Acionamentos resolvidos,support,Acionamentos,Acionamentos com resolved_at ou status resolvido/concluído/fechado.,resolved_at not null OR status resolvido,,,tickets,,no,no,,,,,,,,no,,research.acionamentos.resolved_at,acionamentos,resolved_at,acionamentos resolvidos|chamados resolvidos|quantos foram resolvidos,Presente na V1 e ausente do CSV Dash Kids; não promovida na V2.,,,,yes,no,portal-metric-catalog.mjs#resolved_support_tickets
support_corporate_email_tickets,Acionamentos com e-mail corporativo,support,Acionamentos,Acionamentos com @quartavia.com.br no campo de e-mail (contato interno).,email_campo_corporativo = true,,,tickets,,no,no,,,,,,,,no,,research.v_acionamentos_tratados.email_campo_corporativo|research.v_acionamentos_qualidade_email.email_quartavia_no_campo_cliente,v_acionamentos_tratados|v_acionamentos_qualidade_email,email_campo_corporativo|email_quartavia_no_campo_cliente,quantos acionamentos tinham e-mail corporativo|email corporativo|e-mail corporativo|quartavia no campo,Presente na V1 e ausente do CSV Dash Kids; não promovida na V2.,,,,yes,no,portal-metric-catalog.mjs#support_corporate_email_tickets
support_identification_coverage,Cobertura de identificação,support,Acionamentos,Percentual de acionamentos com pelo menos um cliente identificado.,ticketsWithClient / totalTickets,,,percent,,no,no,,,,,,,,no,,research.v_acionamentos_tratados.baseqv_client_id,v_acionamentos_tratados,baseqv_client_id,qual e a cobertura de identificacao|qual é a cobertura de identificação|cobertura de identificacao|cobertura de identificação,Presente na V1 e ausente do CSV Dash Kids; não promovida na V2.,,,,yes,no,portal-metric-catalog.mjs#support_identification_coverage
support_identified_from_description,Clientes identificados pela descrição,support,Acionamentos,Acionamentos em que o cliente foi identificado a partir de e-mail na descrição.,email_identificado_origem / qualidade.clientes_identificados_pela_descricao,,,tickets,,no,no,,,,,,,,no,,research.v_acionamentos_tratados.email_identificado_origem|research.v_acionamentos_qualidade_email.clientes_identificados_pela_descricao,v_acionamentos_tratados|v_acionamentos_qualidade_email,email_identificado_origem|clientes_identificados_pela_descricao,quantos clientes foram encontrados pela descricao|quantos clientes foram encontrados pela descrição|identificados pela descricao|identificados pela descrição,Presente na V1 e ausente do CSV Dash Kids; não promovida na V2.,,,,yes,no,portal-metric-catalog.mjs#support_identified_from_description
support_monthly_evolution,Evolução dos acionamentos,support,Acionamentos,Série temporal de acionamentos por data_abertura (diária ≤45 dias; mensal acima).,count(distinct id) by data_abertura,,,tickets,,no,no,,,,,,,,no,,research.acionamentos.data_abertura,acionamentos,data_abertura,como os acionamentos evoluíram por mês|como os acionamentos evoluíram|evolucao dos acionamentos|evolução dos acionamentos|acionamentos por mes|acionamentos por mês,Presente na V1 e ausente do CSV Dash Kids; não promovida na V2.,,,,yes,no,portal-metric-catalog.mjs#support_monthly_evolution
support_multiple_clients_tickets,Acionamentos com múltiplos clientes,support,Acionamentos,Acionamentos relacionados a mais de um cliente distinto na BASE QV.,baseqv_quantidade_matches > 1,,,tickets,,no,no,,,,,,,,no,,research.v_acionamentos_tratados.baseqv_quantidade_matches|research.v_acionamentos_qualidade_email.com_multiplos_clientes_encontrados,v_acionamentos_tratados|v_acionamentos_qualidade_email,baseqv_quantidade_matches|com_multiplos_clientes_encontrados,quantos possuem multiplos clientes|quantos possuem múltiplos clientes|acionamentos com multiplos clientes|acionamentos com múltiplos clientes,Presente na V1 e ausente do CSV Dash Kids; não promovida na V2.,,,,yes,no,portal-metric-catalog.mjs#support_multiple_clients_tickets
support_needs_reprocessing,Pendentes de reprocessamento,support,Acionamentos,Acionamentos marcados para reprocessamento do tratamento de e-mail.,precisa_reprocessar / aguardando_processamento,,,tickets,,no,no,,,,,,,,no,,research.v_acionamentos_tratados.precisa_reprocessar|research.v_acionamentos_qualidade_email.aguardando_processamento,v_acionamentos_tratados|v_acionamentos_qualidade_email,precisa_reprocessar|aguardando_processamento,quantos precisam de reprocessamento|precisa reprocessar|pendentes de reprocessamento,Presente na V1 e ausente do CSV Dash Kids; não promovida na V2.,,,,yes,no,portal-metric-catalog.mjs#support_needs_reprocessing
support_unmatched_emails,E-mails sem correspondência,support,Acionamentos,Acionamentos com e-mail externo sem match na BASE QV.,classificacao / qualidade.email_cliente_sem_match_baseqv,,,tickets,,no,no,,,,,,,,no,,research.v_acionamentos_qualidade_email.email_cliente_sem_match_baseqv,v_acionamentos_qualidade_email,email_cliente_sem_match_baseqv,quantos e-mails nao tiveram correspondencia|quantos e-mails não tiveram correspondência|email sem match|e-mail sem match,Presente na V1 e ausente do CSV Dash Kids; não promovida na V2.,,,,yes,no,portal-metric-catalog.mjs#support_unmatched_emails
support_without_area,Acionamentos sem área,support,Acionamentos,Acionamentos sem area_setor informado.,area_setor vazia,,,tickets,,no,no,,,,,,,,no,,research.acionamentos.area_setor,acionamentos,area_setor,quantos registros nao tem area|quantos registros não têm área|acionamentos sem area|acionamentos sem área|quantos nao tem area ou tipo|quantos não têm área ou tipo,Presente na V1 e ausente do CSV Dash Kids; não promovida na V2.,,,,yes,no,portal-metric-catalog.mjs#support_without_area
support_without_type,Acionamentos sem tipo,support,Acionamentos,Acionamentos sem tipo_solicitacao informado.,tipo_solicitacao vazia,,,tickets,,no,no,,,,,,,,no,,research.acionamentos.tipo_solicitacao,acionamentos,tipo_solicitacao,quantos registros nao tem tipo|quantos registros não têm tipo|acionamentos sem tipo,Presente na V1 e ausente do CSV Dash Kids; não promovida na V2.,,,,yes,no,portal-metric-catalog.mjs#support_without_type
tickets_with_identified_client,Acionamentos com cliente identificado,support,Acionamentos,Acionamentos distintos com pelo menos um baseqv_client_id válido.,count(distinct id) com baseqv_client_id,,,tickets,,no,no,,,,,,,,no,,research.v_acionamentos_tratados.baseqv_client_id,v_acionamentos_tratados,baseqv_client_id,quantos acionamentos possuem clientes identificados|acionamentos com cliente identificado|acionamentos com cliente,Presente na V1 e ausente do CSV Dash Kids; não promovida na V2.,,,,yes,no,portal-metric-catalog.mjs#tickets_with_identified_client
top_support_area,Área com mais acionamentos,support,Acionamentos,Área/setor com maior volume de acionamentos no período (research.acionamentos.area_setor).,argmax(count by area_setor),,,label,,no,no,,,,,,,,no,,research.acionamentos.area_setor,acionamentos,area_setor,qual area tem mais acionamentos|qual área tem mais acionamentos|qual area recebeu mais acionamentos|qual área recebeu mais acionamentos|area com mais acionamentos|área com mais acionamentos,Presente na V1 e ausente do CSV Dash Kids; não promovida na V2.,,,,yes,no,portal-metric-catalog.mjs#top_support_area
top_support_clients,Clientes com mais acionamentos,support,Acionamentos,Top clientes distintos por quantidade de acionamentos (baseqv_client_id).,top 10 count(distinct id) by baseqv_client_id,,,label,,no,no,,,,,,,,no,,research.v_acionamentos_tratados.baseqv_client_id,v_acionamentos_tratados,baseqv_client_id,quais clientes tem mais acionamentos|quais clientes têm mais acionamentos|clientes com maior volume de acionamentos|top clientes atendimento,Presente na V1 e ausente do CSV Dash Kids; não promovida na V2.,,,,yes,no,portal-metric-catalog.mjs#top_support_clients
top_support_requesters,Solicitantes com maior volume,support,Acionamentos,Top 10 solicitantes por volume de acionamentos (research.acionamentos.nome_solicitante).,top(nome_solicitante),,,label,,no,no,,,,,,,,no,,research.acionamentos.nome_solicitante,acionamentos,nome_solicitante,quais solicitantes abriram mais acionamentos|solicitantes com mais acionamentos|quem abriu mais acionamentos|top solicitantes atendimento,Presente na V1 e ausente do CSV Dash Kids; não promovida na V2.,,,,yes,no,portal-metric-catalog.mjs#top_support_requesters
top_support_type,Tipo de solicitação mais frequente,support,Acionamentos,Tipo de solicitação com maior volume no período.,argmax(count by tipo_solicitacao),,,label,,no,no,,,,,,,,no,,research.acionamentos.tipo_solicitacao,acionamentos,tipo_solicitacao,qual o tipo de solicitacao mais frequente|qual o tipo de solicitação mais frequente|tipo mais frequente|tipo de solicitacao mais comum|tipo de solicitação mais comum,Presente na V1 e ausente do CSV Dash Kids; não promovida na V2.,,,,yes,no,portal-metric-catalog.mjs#top_support_type
total_support_tickets,Total de acionamentos,support,Acionamentos,Contagem distinta de acionamentos em research.acionamentos (mesmo payload do dashboard Atendimento).,count(distinct id),,,tickets,,no,no,,,,,,,,no,,research.acionamentos.id,acionamentos,id,quantos acionamentos temos|quantos chamados|quantas solicitacoes|quantas solicitações|total de acionamentos|quantidade de acionamentos|quantos acionamentos|total de chamados|o que e atendimento,Presente na V1 e ausente do CSV Dash Kids; não promovida na V2.,,,,yes,no,portal-metric-catalog.mjs#total_support_tickets
unidentified_support_clients,Acionamentos sem cliente identificado,support,Acionamentos,Acionamentos sem nenhum baseqv_client_id válido após o tratamento.,count(distinct id) sem baseqv_client_id,,,tickets,,no,no,,,,,,,,no,,research.v_acionamentos_tratados.baseqv_client_id,v_acionamentos_tratados,baseqv_client_id,quantos acionamentos sem cliente|acionamentos sem cliente identificado|quantos clientes nao foram identificados|quantos clientes não foram identificados|clientes nao identificados|clientes não identificados,Presente na V1 e ausente do CSV Dash Kids; não promovida na V2.,,,,yes,no,portal-metric-catalog.mjs#unidentified_support_clients
urgent_support_tickets,Acionamentos urgentes,support,Acionamentos,Acionamentos com prioridade normalizada Urgente.,prioridade normalizada = Urgente,,,tickets,,no,no,,,,,,,,no,,research.acionamentos.prioridade,acionamentos,prioridade,quantos acionamentos urgentes|acionamentos urgentes|chamados urgentes|quantos sao urgentes|quantos são urgentes,Presente na V1 e ausente do CSV Dash Kids; não promovida na V2.,,,,yes,no,portal-metric-catalog.mjs#urgent_support_tickets
engagement_paused,Engajamento,temporal_indicators,Indicadores Temporais,Tela desabilitada nesta versão. loadEngagement() não chama /api/engagement. Não há indicador confiável a apresentar como oficial.,Tela desabilitada nesta versão. loadEngagement() não chama /api/engagement. Não há indicador confiável a apresentar como oficial.,,,,,no,no,,,,,,,,no,,,,,engajamento|indicadores de engajamento,Presente na V1 e ausente do CSV Dash Kids; não promovida na V2.,,,,yes,no,portal-metric-catalog.mjs#engagement_paused
temporal_active_with_signals,Clientes ativos com sinais,temporal_indicators,Indicadores Temporais,"Heurística da tela: queda de login, sem reunião 60d, sem implementação 90d, sem financeiro 60d, NPS detrator recente, 30+ dias sem atividade. Não é modelo preditivo oficial.","Heurística da tela: queda de login, sem reunião 60d, sem implementação 90d, sem financeiro 60d, NPS detrator recente, 30+ dias sem atividade. Não é modelo preditivo oficial.",,,clients,,no,no,,,,,,,,no,,,,,clientes ativos com sinais|sinais de possivel cancelamento,Presente na V1 e ausente do CSV Dash Kids; não promovida na V2.,,,,yes,no,portal-metric-catalog.mjs#temporal_active_with_signals
temporal_financial_updates,Atualizações financeiras (temporais),temporal_indicators,Indicadores Temporais,Nesta tela o código usa updated_at || created_at (criação inicial pode entrar). Diferente da tela Atualização Financeira (updated_at > created_at).,Nesta tela o código usa updated_at || created_at (criação inicial pode entrar). Diferente da tela Atualização Financeira (updated_at > created_at).,,,events,,no,no,,,,,,,,no,,,,,atualizacoes financeiras temporais,"Não unificar com financial_post_creation_updates sem validação humana.,Presente na V1 e ausente do CSV Dash Kids; não promovida na V2.",,,,yes,no,portal-metric-catalog.mjs#temporal_financial_updates
temporal_interactions,Interações,temporal_indicators,Indicadores Temporais,Sem fonte confiável. Card: Sem dado.,Sem fonte confiável. Card: Sem dado.,,,,,no,no,,,,,,,,no,,,,,interacoes|interações temporais,Presente na V1 e ausente do CSV Dash Kids; não promovida na V2.,,,,yes,no,portal-metric-catalog.mjs#temporal_interactions
temporal_total_subjects,Clientes/usuários (temporais),temporal_indicators,Indicadores Temporais,BASE QV + usuários App Pharus na tela Indicadores Temporais.,BASE QV + usuários App Pharus na tela Indicadores Temporais.,,,subjects,,no,no,,,,,,,,no,,,,,clientes usuarios temporais|sujeitos nos indicadores temporais|indicadores temporais|o que sao indicadores temporais|quantos sujeitos nos indicadores temporais,Presente na V1 e ausente do CSV Dash Kids; não promovida na V2.,,,,yes,no,portal-metric-catalog.mjs#temporal_total_subjects
